date,country,group,items,population,items_per_1k_norm,year,month,working_days,items_per_workday_1k,tavg_mean,tavg_median,tavg_std,tmin_mean,tmin_median,tmin_std,tmax_mean,tmax_median,tmax_std,prcp_mean,prcp_median,prcp_std,tsun_mean,tsun_median,tsun_std
2021-01-01,England,Antidepressants,6677221.0,56489800,114.39,2021,1,20,124.11,3.5,3.1,1.2,1.2,0.8,1.2,5.6,5.3,1.2,98.1,93.5,33.5,3139.6,3468.0,1011.8
2021-01-01,England,Anxiolytics,1959228.0,56489800,33.56,2021,1,20,36.42,3.5,3.1,1.2,1.2,0.8,1.2,5.6,5.3,1.2,98.1,93.5,33.5,3139.6,3468.0,1011.8
2021-01-01,Spain,Antidepressants,3892410.0,47400798,79.47,2021,1,19,90.76,8.5,8.7,2.7,4.1,4.6,2.8,12.8,12.6,3.0,97.1,68.0,71.9,8581.9,9510.0,3109.1
2021-01-01,Spain,Anxiolytics,4802610.0,47400798,98.05,2021,1,19,111.98,8.5,8.7,2.7,4.1,4.6,2.8,12.8,12.6,3.0,97.1,68.0,71.9,8581.9,9510.0,3109.1
2021-02-01,England,Antidepressants,6305584.0,56541183,119.49,2021,2,20,117.1,5.2,4.9,0.8,2.6,2.5,0.9,7.7,7.8,0.9,65.2,62.5,22.2,3926.1,3936.0,680.2
2021-02-01,England,Anxiolytics,1855231.0,56541183,35.16,2021,2,20,34.45,5.2,4.9,0.8,2.6,2.5,0.9,7.7,7.8,0.9,65.2,62.5,22.2,3926.1,3936.0,680.2
2021-02-01,Spain,Antidepressants,3720430.0,47385887,84.12,2021,2,20,82.44,12.4,12.8,1.9,8.1,9.0,2.1,16.7,16.7,1.9,69.5,34.0,96.6,7773.8,8400.0,1835.5
2021-02-01,Spain,Anxiolytics,4619320.0,47385887,104.45,2021,2,20,102.36,12.4,12.8,1.9,8.1,9.0,2.1,16.7,16.7,1.9,69.5,34.0,96.6,7773.8,8400.0,1835.5
2021-03-01,England,Antidepressants,7090344.0,56592566,121.25,2021,3,23,114.39,7.2,7.1,0.5,3.9,3.8,0.6,10.5,10.5,0.6,54.0,42.5,33.4,6518.8,6438.0,1451.7
2021-03-01,England,Anxiolytics,2071846.0,56592566,35.43,2021,3,23,33.43,7.2,7.1,0.5,3.9,3.8,0.6,10.5,10.5,0.6,54.0,42.5,33.4,6518.8,6438.0,1451.7
2021-03-01,Spain,Antidepressants,4335070.0,47370976,88.56,2021,3,23,83.56,12.4,12.0,1.9,7.0,7.0,2.2,17.8,17.1,2.0,20.9,18.0,16.7,13130.6,13500.0,2619.6
2021-03-01,Spain,Anxiolytics,5296630.0,47370976,108.2,2021,3,23,102.09,12.4,12.0,1.9,7.0,7.0,2.2,17.8,17.1,2.0,20.9,18.0,16.7,13130.6,13500.0,2619.6
2021-04-01,England,Antidepressants,6858831.0,56643950,121.09,2021,4,20,127.14,6.5,6.3,0.8,1.8,1.7,1.1,10.9,11.1,1.2,27.9,16.5,24.9,11431.6,12156.0,2811.1
2021-04-01,England,Anxiolytics,1984972.0,56643950,35.04,2021,4,20,36.8,6.5,6.3,0.8,1.8,1.7,1.1,10.9,11.1,1.2,27.9,16.5,24.9,11431.6,12156.0,2811.1
2021-04-01,Spain,Antidepressants,4022200.0,47356065,84.94,2021,4,21,84.94,14.4,13.9,2.3,9.5,9.3,2.7,19.3,18.6,2.3,57.1,54.5,23.3,11175.0,10680.0,1700.6
2021-04-01,Spain,Anxiolytics,4896670.0,47356065,103.4,2021,4,21,103.4,14.4,13.9,2.3,9.5,9.3,2.7,19.3,18.6,2.3,57.1,54.5,23.3,11175.0,10680.0,1700.6
2021-05-01,England,Antidepressants,6560277.0,56695333,111.98,2021,5,19,127.89,10.1,10.0,0.6,6.4,6.4,0.8,13.8,13.9,0.7,83.5,88.0,30.3,9842.2,9420.0,1503.5
2021-05-01,England,Anxiolytics,1889241.0,56695333,32.25,2021,5,19,36.83,10.1,10.0,0.6,6.4,6.4,0.8,13.8,13.9,0.7,83.5,88.0,30.3,9842.2,9420.0,1503.5
2021-05-01,Spain,Antidepressants,4082910.0,47352989,83.44,2021,5,21,86.22,17.9,18.2,2.8,12.2,12.9,3.0,23.6,24.8,3.5,42.9,27.5,39.4,16357.5,17100.0,3198.0
2021-05-01,Spain,Anxiolytics,4917090.0,47352989,100.49,2021,5,21,103.84,17.9,18.2,2.8,12.2,12.9,3.0,23.6,24.8,3.5,42.9,27.5,39.4,16357.5,17100.0,3198.0
2021-06-01,England,Antidepressants,6978611.0,56746716,122.98,2021,6,22,117.39,15.5,15.7,0.7,11.4,11.5,0.9,19.6,19.7,1.0,50.4,44.0,28.2,11290.2,10585.0,1268.3
2021-06-01,England,Anxiolytics,2003928.0,56746716,35.31,2021,6,22,33.71,15.5,15.7,0.7,11.4,11.5,0.9,19.6,19.7,1.0,50.4,44.0,28.2,11290.2,10585.0,1268.3
2021-06-01,Spain,Antidepressants,4158319.999999999,47349912,87.82,2021,6,22,83.83,22.0,23.2,2.9,16.5,16.9,3.1,27.6,28.5,3.5,35.0,19.5,41.4,16635.0,17400.0,3985.0
2021-06-01,Spain,Anxiolytics,4952420.0,47349912,104.59,2021,6,22,99.84,22.0,23.2,2.9,16.5,16.9,3.1,27.6,28.5,3.5,35.0,19.5,41.4,16635.0,17400.0,3985.0
2021-07-01,England,Antidepressants,6978786.0,56798099,118.91,2021,7,22,117.29,17.5,17.6,0.7,13.7,13.8,0.8,21.5,21.7,1.0,74.1,71.5,16.6,10656.3,10610.0,1619.4
2021-07-01,England,Anxiolytics,2016669.0,56798099,34.36,2021,7,22,33.89,17.5,17.6,0.7,13.7,13.8,0.8,21.5,21.7,1.0,74.1,71.5,16.6,10656.3,10610.0,1619.4
2021-07-01,Spain,Antidepressants,4211590.0,47346836,86.08,2021,7,22,84.91,24.4,25.6,3.8,18.5,19.5,3.4,30.3,31.8,5.0,9.8,4.0,12.9,18922.5,21240.0,5191.2
2021-07-01,Spain,Anxiolytics,4955850.0,47346836,101.29,2021,7,22,99.91,24.4,25.6,3.8,18.5,19.5,3.4,30.3,31.8,5.0,9.8,4.0,12.9,18922.5,21240.0,5191.2
2021-08-01,England,Antidepressants,6679132.0,56849482,113.7,2021,8,21,117.49,15.9,16.0,0.6,12.7,12.8,0.8,19.4,19.4,0.6,43.5,45.0,12.6,8537.0,8654.0,1654.7
2021-08-01,England,Anxiolytics,1928527.0,56849482,32.83,2021,8,21,33.92,15.9,16.0,0.6,12.7,12.8,0.8,19.4,19.4,0.6,43.5,45.0,12.6,8537.0,8654.0,1654.7
2021-08-01,Spain,Antidepressants,4062870.0,47372756,83.0,2021,8,22,81.87,24.8,26.0,3.6,19.1,19.8,3.6,30.6,31.6,4.4,15.9,15.5,13.3,17212.5,16920.0,3937.7
2021-08-01,Spain,Anxiolytics,4795060.0,47372756,97.95,2021,8,22,96.62,24.8,26.0,3.6,19.1,19.8,3.6,30.6,31.6,4.4,15.9,15.5,13.3,17212.5,16920.0,3937.7
2021-09-01,England,Antidepressants,7008868.0,56900865,123.18,2021,9,22,117.58,15.8,15.8,0.6,12.2,12.1,0.7,19.7,19.8,0.8,64.9,56.0,19.7,8017.1,7768.0,1050.8
2021-09-01,England,Anxiolytics,2014694.0,56900865,35.41,2021,9,22,33.8,15.8,15.8,0.6,12.2,12.1,0.7,19.7,19.8,0.8,64.9,56.0,19.7,8017.1,7768.0,1050.8
2021-09-01,Spain,Antidepressants,4166350.000000001,47398675,87.9,2021,9,22,83.9,22.4,23.0,2.7,17.2,17.8,2.8,27.4,27.4,2.7,60.8,54.5,36.6,13320.0,13350.0,2449.2
2021-09-01,Spain,Anxiolytics,4906270.0,47398675,103.51,2021,9,22,98.81,22.4,23.0,2.7,17.2,17.8,2.8,27.4,27.4,2.7,60.8,54.5,36.6,13320.0,13350.0,2449.2
2021-10-01,England,Antidepressants,6726914.0,56952248,114.3,2021,10,21,118.11,12.2,12.1,0.7,9.3,9.1,0.8,15.0,14.8,0.8,97.8,88.0,34.1,5720.3,5820.0,500.3
2021-10-01,England,Anxiolytics,1930358.0,56952248,32.8,2021,10,21,33.89,12.2,12.1,0.7,9.3,9.1,0.8,15.0,14.8,0.8,97.8,88.0,34.1,5720.3,5820.0,500.3
2021-10-01,Spain,Antidepressants,4167010.0,47424595,85.03,2021,10,20,92.26,17.9,17.5,2.7,12.4,12.6,2.9,23.5,22.8,2.8,46.1,33.0,48.9,13387.5,14070.0,2507.0
2021-10-01,Spain,Anxiolytics,4909110.0,47424595,100.17,2021,10,20,108.69,17.9,17.5,2.7,12.4,12.6,2.9,23.5,22.8,2.8,46.1,33.0,48.9,13387.5,14070.0,2507.0
2021-11-01,England,Antidepressants,7005763.0,57003632,122.9,2021,11,22,117.31,7.9,7.6,0.7,5.3,5.1,0.8,10.4,10.2,0.7,53.5,52.0,35.0,3765.1,3695.0,616.8
2021-11-01,England,Anxiolytics,1995990.0,57003632,35.02,2021,11,22,33.42,7.9,7.6,0.7,5.3,5.1,0.8,10.4,10.2,0.7,53.5,52.0,35.0,3765.1,3695.0,616.8
2021-11-01,Spain,Antidepressants,4282770.0,47445306,90.27,2021,11,21,90.27,11.7,11.7,2.4,7.1,7.6,2.5,16.4,15.6,2.8,88.4,55.5,113.1,10117.5,11190.0,3364.3
2021-11-01,Spain,Anxiolytics,4991600.0,47445306,105.21,2021,11,21,105.21,11.7,11.7,2.4,7.1,7.6,2.5,16.4,15.6,2.8,88.4,55.5,113.1,10117.5,11190.0,3364.3
2021-12-01,England,Antidepressants,7324751.0,57055015,124.24,2021,12,21,128.38,6.6,6.5,1.4,4.5,4.6,1.4,8.6,8.4,1.3,83.0,87.0,16.6,2207.7,2106.0,632.5
2021-12-01,England,Anxiolytics,2091833.0,57055015,35.48,2021,12,21,36.66,6.6,6.5,1.4,4.5,4.6,1.4,8.6,8.4,1.3,83.0,87.0,16.6,2207.7,2106.0,632.5
2021-12-01,Spain,Antidepressants,4359150.0,47466016,88.87,2021,12,21,91.84,11.4,11.8,2.5,7.0,7.6,2.4,15.8,16.6,3.0,83.0,30.5,98.9,8347.5,8220.0,2567.6
2021-12-01,Spain,Anxiolytics,5026710.0,47466016,102.49,2021,12,21,105.9,11.4,11.8,2.5,7.0,7.6,2.4,15.8,16.6,3.0,83.0,30.5,98.9,8347.5,8220.0,2567.6
2022-01-01,England,Antidepressants,6968996.0,57106398,118.1,2022,1,20,128.14,5.1,4.7,0.9,2.2,2.0,1.1,7.9,7.6,0.9,42.6,32.0,27.3,4446.4,4042.0,1072.6
2022-01-01,England,Anxiolytics,1977247.0,57106398,33.51,2022,1,20,36.36,5.1,4.7,0.9,2.2,2.0,1.1,7.9,7.6,0.9,42.6,32.0,27.3,4446.4,4042.0,1072.6
2022-01-01,Spain,Antidepressants,4231760.0,47486727,86.24,2022,1,20,93.57,9.1,9.2,2.5,3.6,3.6,3.2,14.6,14.1,2.1,28.2,12.0,40.5,11647.5,11700.0,2504.3
2022-01-01,Spain,Anxiolytics,4886740.0,47486727,99.59,2022,1,20,108.05,9.1,9.2,2.5,3.6,3.6,3.2,14.6,14.1,2.1,28.2,12.0,40.5,11647.5,11700.0,2504.3
2022-02-01,England,Antidepressants,6532116.0,57155056,122.45,2022,2,20,120.0,7.1,6.8,0.9,4.2,4.0,0.9,9.8,9.6,0.9,79.4,57.5,51.3,4612.5,4332.0,1354.8
2022-02-01,England,Anxiolytics,1860060.0,57155056,34.87,2022,2,20,34.17,7.1,6.8,0.9,4.2,4.0,0.9,9.8,9.6,0.9,79.4,57.5,51.3,4612.5,4332.0,1354.8
2022-02-01,Spain,Antidepressants,3997280.0,47527533,90.11,2022,2,20,88.31,11.4,11.2,2.2,5.7,5.6,2.8,17.1,16.2,2.2,13.9,7.0,17.5,10710.0,11010.0,2323.6
2022-02-01,Spain,Anxiolytics,4594900.0,47527533,103.58,2022,2,20,101.51,11.4,11.2,2.2,5.7,5.6,2.8,17.1,16.2,2.2,13.9,7.0,17.5,10710.0,11010.0,2323.6
2022-03-01,England,Antidepressants,7395739.0,57203715,125.12,2022,3,23,118.05,7.7,7.7,0.8,4.0,3.7,1.1,11.6,11.7,0.7,58.8,52.5,29.2,8468.0,9648.0,2524.3
2022-03-01,England,Anxiolytics,2094608.0,57203715,35.44,2022,3,23,33.43,7.7,7.7,0.8,4.0,3.7,1.1,11.6,11.7,0.7,58.8,52.5,29.2,8468.0,9648.0,2524.3
2022-03-01,Spain,Antidepressants,4627740.0,47568339,94.15,2022,3,23,88.83,12.3,12.8,1.8,8.4,9.0,2.1,16.3,16.2,1.8,119.5,110.5,63.6,6690.0,6510.0,1575.4
2022-03-01,Spain,Anxiolytics,5351990.0,47568339,108.88,2022,3,23,102.73,12.3,12.8,1.8,8.4,9.0,2.1,16.3,16.2,1.8,119.5,110.5,63.6,6690.0,6510.0,1575.4
2022-04-01,England,Antidepressants,6905620.0,57252374,120.62,2022,4,19,133.31,9.1,9.1,0.7,5.0,4.8,0.9,13.1,13.3,1.0,36.4,31.5,19.5,9975.2,10032.0,1834.6
2022-04-01,England,Anxiolytics,1953109.0,57252374,34.11,2022,4,19,37.7,9.1,9.1,0.7,5.0,4.8,0.9,13.1,13.3,1.0,36.4,31.5,19.5,9975.2,10032.0,1834.6
2022-04-01,Spain,Antidepressants,4280280.0,47609145,89.9,2022,4,20,94.4,14.1,14.4,2.0,8.9,9.2,2.2,19.3,19.0,2.0,58.6,53.0,32.6,12945.0,12660.0,2391.1
2022-04-01,Spain,Anxiolytics,4851310.0,47609145,101.9,2022,4,20,106.99,14.1,14.4,2.0,8.9,9.2,2.2,19.3,19.0,2.0,58.6,53.0,32.6,12945.0,12660.0,2391.1
2022-05-01,England,Antidepressants,7209029.0,57301032,121.75,2022,5,21,125.81,12.9,13.0,0.6,9.1,9.1,0.7,16.7,16.7,0.9,45.6,45.5,10.4,10249.0,10014.0,1430.4
2022-05-01,England,Anxiolytics,2021410.0,57301032,34.14,2022,5,21,35.28,12.9,13.0,0.6,9.1,9.1,0.7,16.7,16.7,0.9,45.6,45.5,10.4,10249.0,10014.0,1430.4
2022-05-01,Spain,Antidepressants,4456240.0,47666548,90.47,2022,5,22,89.24,20.0,20.4,2.3,13.9,14.4,2.3,26.2,26.8,3.1,35.4,17.5,50.4,17917.5,19740.0,3470.7
2022-05-01,Spain,Anxiolytics,4983820.0,47666548,101.18,2022,5,22,99.8,20.0,20.4,2.3,13.9,14.4,2.3,26.2,26.8,3.1,35.4,17.5,50.4,17917.5,19740.0,3470.7
2022-06-01,England,Antidepressants,7024421.0,57349690,122.48,2022,6,20,128.61,15.3,15.3,0.6,10.8,10.6,0.9,19.6,19.5,0.9,46.4,43.0,19.3,12471.8,12198.0,1897.0
2022-06-01,England,Anxiolytics,1976170.0,57349690,34.46,2022,6,20,36.18,15.3,15.3,0.6,10.8,10.6,0.9,19.6,19.5,0.9,46.4,43.0,19.3,12471.8,12198.0,1897.0
2022-06-01,Spain,Antidepressants,4400530.0,47723951,92.21,2022,6,22,88.02,23.8,25.3,3.6,17.8,18.7,3.1,29.7,31.6,4.6,21.5,3.5,37.5,17865.0,20340.0,4973.7
2022-06-01,Spain,Anxiolytics,4863770.0,47723951,101.91,2022,6,22,97.28,23.8,25.3,3.6,17.8,18.7,3.1,29.7,31.6,4.6,21.5,3.5,37.5,17865.0,20340.0,4973.7
2022-07-01,England,Antidepressants,6981426.0,57398349,117.71,2022,7,21,121.63,18.3,18.3,0.9,13.6,13.6,0.8,22.8,22.8,1.3,26.4,22.0,18.2,11907.9,11394.0,3013.0
2022-07-01,England,Anxiolytics,1947700.0,57398349,32.84,2022,7,21,33.93,18.3,18.3,0.9,13.6,13.6,0.8,22.8,22.8,1.3,26.4,22.0,18.2,11907.9,11394.0,3013.0
2022-07-01,Spain,Antidepressants,4311050.0,47781354,87.31,2022,7,21,90.22,26.6,27.4,3.1,20.2,21.2,3.0,33.1,32.3,4.1,3.6,2.5,3.3,21120.0,21150.0,2401.7
2022-07-01,Spain,Anxiolytics,4732620.0,47781354,95.85,2022,7,21,99.05,26.6,27.4,3.1,20.2,21.2,3.0,33.1,32.3,4.1,3.6,2.5,3.3,21120.0,21150.0,2401.7
2022-08-01,England,Antidepressants,7197971.0,57447008,121.26,2022,8,22,119.6,18.4,18.8,1.1,13.6,13.4,1.3,23.2,23.6,1.4,29.3,27.0,14.1,12940.6,13920.0,2760.4
2022-08-01,England,Anxiolytics,2022859.0,57447008,34.08,2022,8,22,33.61,18.4,18.8,1.1,13.6,13.4,1.3,23.2,23.6,1.4,29.3,27.0,14.1,12940.6,13920.0,2760.4
2022-08-01,Spain,Antidepressants,4418610.0,47834334,89.39,2022,8,22,88.17,26.4,27.4,2.7,20.4,21.0,2.8,32.4,33.3,3.2,22.8,17.5,27.1,18795.0,19830.0,2737.5
2022-08-01,Spain,Anxiolytics,4857410.0,47834334,98.27,2022,8,22,96.93,26.4,27.4,2.7,20.4,21.0,2.8,32.4,33.3,3.2,22.8,17.5,27.1,18795.0,19830.0,2737.5
2022-09-01,England,Antidepressants,7162391.0,57495666,124.57,2022,9,21,124.57,14.3,14.2,0.7,10.8,10.4,1.0,18.1,18.1,0.8,75.1,71.0,20.4,7512.3,7173.0,969.3
2022-09-01,England,Anxiolytics,2014167.0,57495666,35.03,2022,9,21,35.03,14.3,14.2,0.7,10.8,10.4,1.0,18.1,18.1,0.8,75.1,71.0,20.4,7512.3,7173.0,969.3
2022-09-01,Spain,Antidepressants,4409860.0,47887315,92.09,2022,9,22,87.9,22.6,23.3,2.8,17.0,17.4,3.0,28.2,28.2,3.0,41.9,14.0,50.6,14257.5,14790.0,2884.1
2022-09-01,Spain,Anxiolytics,4873080.0,47887315,101.76,2022,9,22,97.14,22.6,23.3,2.8,17.0,17.4,3.0,28.2,28.2,3.0,41.9,14.0,50.6,14257.5,14790.0,2884.1
2022-10-01,England,Antidepressants,7094353.0,57544324,119.31,2022,10,21,123.29,13.0,12.6,1.1,9.8,9.6,1.1,16.1,16.3,1.1,83.3,82.0,28.4,6561.1,6261.0,1110.9
2022-10-01,England,Anxiolytics,1977723.0,57544324,33.26,2022,10,21,34.37,13.0,12.6,1.1,9.8,9.6,1.1,16.1,16.3,1.1,83.3,82.0,28.4,6561.1,6261.0,1110.9
2022-10-01,Spain,Antidepressants,4425350.0,47940295,89.33,2022,10,20,96.93,20.2,20.9,2.2,15.2,16.0,2.2,25.2,25.6,2.7,45.5,28.5,69.2,10245.0,10740.0,1956.0
2022-10-01,Spain,Anxiolytics,4859990.0,47940295,98.11,2022,10,20,106.44,20.2,20.9,2.2,15.2,16.0,2.2,25.2,25.6,2.7,45.5,28.5,69.2,10245.0,10740.0,1956.0
2022-11-01,England,Antidepressants,7275277.0,57592983,126.32,2022,11,22,120.58,9.4,9.1,1.0,6.8,6.5,1.0,11.6,11.4,1.1,119.7,107.0,43.5,3354.8,3432.0,729.3
2022-11-01,England,Anxiolytics,2012762.0,57592983,34.95,2022,11,22,33.36,9.4,9.1,1.0,6.8,6.5,1.0,11.6,11.4,1.1,119.7,107.0,43.5,3354.8,3432.0,729.3
2022-11-01,Spain,Antidepressants,4465290.0,47988650,93.05,2022,11,21,93.05,14.6,15.1,2.6,9.9,10.2,2.4,19.3,19.4,2.9,92.1,30.0,95.9,8407.5,8310.0,2539.6
2022-11-01,Spain,Anxiolytics,4876350.0,47988650,101.61,2022,11,21,101.61,14.6,15.1,2.6,9.9,10.2,2.4,19.3,19.4,2.9,92.1,30.0,95.9,8407.5,8310.0,2539.6
2022-12-01,England,Antidepressants,7254700.0,57641642,121.8,2022,12,20,132.15,4.2,3.8,1.1,2.0,1.6,1.1,6.5,6.3,1.1,70.4,64.0,29.0,3203.8,3158.0,473.7
2022-12-01,England,Anxiolytics,2011057.0,57641642,33.76,2022,12,20,36.63,4.2,3.8,1.1,2.0,1.6,1.1,6.5,6.3,1.1,70.4,64.0,29.0,3203.8,3158.0,473.7
2022-12-01,Spain,Antidepressants,4491210.0,48037006,90.48,2022,12,20,98.17,12.1,12.5,2.3,8.1,8.6,1.9,16.2,16.5,2.8,119.1,98.5,126.7,6412.5,6600.0,2155.8
2022-12-01,Spain,Anxiolytics,4936020.0,48037006,99.44,2022,12,20,107.89,12.1,12.5,2.3,8.1,8.6,1.9,16.2,16.5,2.8,119.1,98.5,126.7,6412.5,6600.0,2155.8
2023-01-01,England,Antidepressants,7306273.0,57690300,122.56,2023,1,21,126.65,5.5,5.3,0.8,2.8,2.5,0.9,8.0,8.1,0.8,68.6,62.5,25.2,4070.0,4041.0,561.9
2023-01-01,England,Anxiolytics,2019462.0,57690300,33.88,2023,1,21,35.01,5.5,5.3,0.8,2.8,2.5,0.9,8.0,8.1,0.8,68.6,62.5,25.2,4070.0,4041.0,561.9
2023-01-01,Spain,Antidepressants,4528700.0,48085361,91.14,2023,1,21,94.18,9.1,9.2,2.3,4.4,4.5,2.2,13.8,13.5,2.7,76.6,11.0,126.1,10035.0,11370.0,3440.3
2023-01-01,Spain,Anxiolytics,4908590.0,48085361,98.79,2023,1,21,102.08,9.1,9.2,2.3,4.4,4.5,2.2,13.8,13.5,2.7,76.6,11.0,126.1,10035.0,11370.0,3440.3
2023-02-01,England,Antidepressants,6732407.0,57749217,124.91,2023,2,20,122.41,6.6,6.5,0.5,3.7,3.9,0.9,9.5,9.4,0.5,13.2,9.0,16.2,4537.9,4375.0,836.0
2023-02-01,England,Anxiolytics,1859622.0,57749217,34.5,2023,2,20,33.81,6.6,6.5,0.5,3.7,3.9,0.9,9.5,9.4,0.5,13.2,9.0,16.2,4537.9,4375.0,836.0
2023-02-01,Spain,Antidepressants,4155960.0,48125561,92.52,2023,2,20,90.67,9.5,9.4,2.1,3.8,3.8,2.8,15.2,14.5,1.8,26.8,24.0,22.1,11167.5,11040.0,1474.4
2023-02-01,Spain,Anxiolytics,4511070.0,48125561,100.43,2023,2,20,98.42,9.5,9.4,2.1,3.8,3.8,2.8,15.2,14.5,1.8,26.8,24.0,22.1,11167.5,11040.0,1474.4
2023-03-01,England,Antidepressants,7700785.0,57808133,128.92,2023,3,23,121.63,6.9,6.9,0.9,4.3,4.0,1.1,9.6,9.6,0.7,94.7,93.0,31.4,4725.7,4560.0,882.5
2023-03-01,England,Anxiolytics,2120432.0,57808133,35.5,2023,3,23,33.49,6.9,6.9,0.9,4.3,4.0,1.1,9.6,9.6,0.7,94.7,93.0,31.4,4725.7,4560.0,882.5
2023-03-01,Spain,Antidepressants,4765710.0,48165762,95.75,2023,3,23,90.34,14.2,14.4,2.1,8.2,8.5,1.8,20.3,20.4,2.9,32.9,8.0,66.3,14287.5,15990.0,3808.3
2023-03-01,Spain,Anxiolytics,5133090.0,48165762,103.13,2023,3,23,97.3,14.2,14.4,2.1,8.2,8.5,1.8,20.3,20.4,2.9,32.9,8.0,66.3,14287.5,15990.0,3808.3
2023-04-01,England,Antidepressants,6895015.0,57867050,119.15,2023,4,18,139.01,8.5,8.4,0.7,4.9,4.8,0.9,12.0,12.2,0.8,66.0,65.5,13.8,8720.7,8381.0,1209.0
2023-04-01,England,Anxiolytics,1889260.0,57867050,32.65,2023,4,18,38.09,8.5,8.4,0.7,4.9,4.8,0.9,12.0,12.2,0.8,66.0,65.5,13.8,8720.7,8381.0,1209.0
2023-04-01,Spain,Antidepressants,4297490.0,48205962,89.15,2023,4,19,98.53,16.8,16.8,2.5,10.3,10.8,2.1,23.2,24.0,3.6,22.0,5.5,36.1,16965.0,18150.0,3073.6
2023-04-01,Spain,Anxiolytics,4601630.0,48205962,95.46,2023,4,19,105.51,16.8,16.8,2.5,10.3,10.8,2.1,23.2,24.0,3.6,22.0,5.5,36.1,16965.0,18150.0,3073.6
2023-05-01,England,Antidepressants,7365016.0,57925967,123.04,2023,5,20,133.5,12.5,12.5,0.8,8.3,8.1,0.7,16.6,16.8,1.1,41.5,38.0,15.3,12088.5,11213.0,1679.5
2023-05-01,England,Anxiolytics,2015014.0,57925967,33.66,2023,5,20,36.53,12.5,12.5,0.8,8.3,8.1,0.7,16.6,16.8,1.1,41.5,38.0,15.3,12088.5,11213.0,1679.5
2023-05-01,Spain,Antidepressants,4744090.0,48244148,95.16,2023,5,22,93.87,18.7,18.8,2.1,13.3,13.9,2.2,24.1,24.6,2.6,56.0,56.5,34.9,15885.0,15870.0,2783.0
2023-05-01,Spain,Anxiolytics,5064900.0,48244148,101.6,2023,5,22,100.21,18.7,18.8,2.1,13.3,13.9,2.2,24.1,24.6,2.6,56.0,56.5,34.9,15885.0,15870.0,2783.0
2023-06-01,England,Antidepressants,7481384.0,57984883,129.02,2023,6,22,123.16,16.7,16.8,1.0,12.0,12.0,1.0,21.5,22.0,1.4,43.6,47.0,18.8,14726.5,14943.0,1748.4
2023-06-01,England,Anxiolytics,2040198.0,57984883,35.18,2023,6,22,33.59,16.7,16.8,1.0,12.0,12.0,1.0,21.5,22.0,1.4,43.6,47.0,18.8,14726.5,14943.0,1748.4
2023-06-01,Spain,Antidepressants,4578760.0,48282334,94.83,2023,6,22,90.52,23.3,23.8,2.3,18.0,18.8,2.4,28.7,29.5,2.9,48.4,33.0,41.5,16117.5,17070.0,2935.9
2023-06-01,Spain,Anxiolytics,4845160.0,48282334,100.35,2023,6,22,95.79,23.3,23.8,2.3,18.0,18.8,2.4,28.7,29.5,2.9,48.4,33.0,41.5,16117.5,17070.0,2935.9
2023-07-01,England,Antidepressants,7298609.0,58043800,121.69,2023,7,21,125.74,16.2,16.2,0.7,12.8,12.7,0.9,19.6,19.4,0.9,103.9,106.5,36.9,9512.9,9481.0,1269.4
2023-07-01,England,Anxiolytics,1988082.0,58043800,33.15,2023,7,21,34.25,16.2,16.2,0.7,12.8,12.7,0.9,19.6,19.4,0.9,103.9,106.5,36.9,9512.9,9481.0,1269.4
2023-07-01,Spain,Antidepressants,4553850.0,48320520,91.2,2023,7,21,94.24,25.9,27.2,4.0,20.2,20.5,4.0,31.6,33.0,4.9,15.4,10.0,16.9,18855.0,20130.0,5102.6
2023-07-01,Spain,Anxiolytics,4748940.0,48320520,95.11,2023,7,21,98.28,25.9,27.2,4.0,20.2,20.5,4.0,31.6,33.0,4.9,15.4,10.0,16.9,18855.0,20130.0,5102.6
2023-08-01,England,Antidepressants,7465962.0,58102717,124.35,2023,8,22,122.66,16.2,16.3,0.7,12.7,12.5,0.8,19.9,19.9,0.9,69.8,70.0,21.9,9656.5,9063.0,1637.6
2023-08-01,England,Anxiolytics,2051009.0,58102717,34.16,2023,8,22,33.7,16.2,16.3,0.7,12.7,12.5,0.8,19.9,19.9,0.9,69.8,70.0,21.9,9656.5,9063.0,1637.6
2023-08-01,Spain,Antidepressants,4586940.0,48375968,91.76,2023,8,22,90.51,26.3,27.5,3.4,20.2,20.8,3.3,32.4,33.5,4.4,25.2,8.5,34.3,19012.5,20370.0,3766.1
2023-08-01,Spain,Anxiolytics,4746330.0,48375968,94.95,2023,8,22,93.65,26.3,27.5,3.4,20.2,20.8,3.3,32.4,33.5,4.4,25.2,8.5,34.3,19012.5,20370.0,3766.1
2023-09-01,England,Antidepressants,7319113.0,58161633,125.84,2023,9,21,125.84,16.5,16.6,1.1,12.7,12.4,1.0,20.6,20.8,1.4,69.9,71.0,25.1,8116.2,8092.0,1405.4
2023-09-01,England,Anxiolytics,1997259.0,58161633,34.34,2023,9,21,34.34,16.5,16.6,1.1,12.7,12.4,1.0,20.6,20.8,1.4,69.9,71.0,25.1,8116.2,8092.0,1405.4
2023-09-01,Spain,Antidepressants,4516320.0,48431417,93.25,2023,9,21,93.25,22.6,23.4,2.1,17.5,17.6,2.4,27.8,28.4,2.2,88.9,72.0,64.8,14115.0,14970.0,2155.2
2023-09-01,Spain,Anxiolytics,4704040.0,48431417,97.13,2023,9,21,97.13,22.6,23.4,2.1,17.5,17.6,2.4,27.8,28.4,2.2,88.9,72.0,64.8,14115.0,14970.0,2155.2
2023-10-01,England,Antidepressants,7449730.0,58220550,123.83,2023,10,22,122.14,12.2,12.0,1.1,9.2,9.0,1.1,15.4,15.5,1.4,121.7,119.0,35.8,4816.9,4596.0,1307.0
2023-10-01,England,Anxiolytics,2028200.0,58220550,33.71,2023,10,22,33.25,12.2,12.0,1.1,9.2,9.0,1.1,15.4,15.5,1.4,121.7,119.0,35.8,4816.9,4596.0,1307.0
2023-10-01,Spain,Antidepressants,4718600.0,48486865,94.18,2023,10,21,97.32,19.9,20.5,2.0,14.8,15.4,2.1,25.0,25.6,2.3,103.8,76.5,110.6,11640.0,12570.0,2181.3
2023-10-01,Spain,Anxiolytics,4878430.0,48486865,97.37,2023,10,21,100.61,19.9,20.5,2.0,14.8,15.4,2.1,25.0,25.6,2.3,103.8,76.5,110.6,11640.0,12570.0,2181.3
2023-11-01,England,Antidepressants,7531359.0,58279467,129.23,2023,11,22,123.35,7.5,7.1,1.0,4.9,4.7,1.0,10.0,9.7,1.1,94.6,90.0,29.1,3727.1,3489.0,850.1
2023-11-01,England,Anxiolytics,2033913.0,58279467,34.9,2023,11,22,33.31,7.5,7.1,1.0,4.9,4.7,1.0,10.0,9.7,1.1,94.6,90.0,29.1,3727.1,3489.0,850.1
2023-11-01,Spain,Antidepressants,4647140.0,48531142,95.76,2023,11,21,95.76,14.6,14.6,2.3,9.8,10.0,1.7,19.2,18.8,3.1,82.6,34.0,119.7,9727.5,10440.0,3930.9
2023-11-01,Spain,Anxiolytics,4750000.0,48531142,97.88,2023,11,21,97.88,14.6,14.6,2.3,9.8,10.0,1.7,19.2,18.8,3.1,82.6,34.0,119.7,9727.5,10440.0,3930.9
2023-12-01,England,Antidepressants,7460845.0,58338383,123.76,2023,12,19,141.35,7.3,7.0,1.1,5.0,4.7,1.1,9.2,9.0,1.2,116.2,115.0,39.0,2030.7,2140.0,481.4
2023-12-01,England,Anxiolytics,2022731.0,58338383,33.55,2023,12,19,38.32,7.3,7.0,1.1,5.0,4.7,1.1,9.2,9.0,1.2,116.2,115.0,39.0,2030.7,2140.0,481.4
2023-12-01,Spain,Antidepressants,4586230.0,48575418,91.37,2023,12,18,110.15,10.4,11.0,2.3,5.4,5.6,2.2,15.3,15.7,2.8,55.4,10.0,88.7,9187.5,10410.0,2980.5
2023-12-01,Spain,Anxiolytics,4577730.0,48575418,91.2,2023,12,18,109.95,10.4,11.0,2.3,5.4,5.6,2.2,15.3,15.7,2.8,55.4,10.0,88.7,9187.5,10410.0,2980.5
2024-01-01,England,Antidepressants,7741067.0,58397300,128.28,2024,1,22,126.53,4.9,4.9,0.6,2.3,2.1,0.7,7.5,7.5,0.6,64.7,63.0,23.4,3930.7,3962.0,667.1
2024-01-01,England,Anxiolytics,2088692.0,58397300,34.61,2024,1,22,34.14,4.9,4.9,0.6,2.3,2.1,0.7,7.5,7.5,0.6,64.7,63.0,23.4,3930.7,3962.0,667.1
2024-01-01,Spain,Antidepressants,4862880.0,48619695,96.79,2024,1,22,95.47,10.9,11.4,2.4,6.4,7.2,2.2,15.5,15.6,2.7,60.8,35.0,67.4,8122.5,8400.0,1874.4
2024-01-01,Spain,Anxiolytics,4925650.0,48619695,98.04,2024,1,22,96.7,10.9,11.4,2.4,6.4,7.2,2.2,15.5,15.6,2.7,60.8,35.0,67.4,8122.5,8400.0,1874.4
2024-02-01,England,Antidepressants,7267972.0,58451692,128.63,2024,2,21,124.34,7.9,7.8,0.8,5.2,4.9,0.9,10.5,10.7,0.8,107.8,104.0,30.5,2704.7,2614.0,795.7
2024-02-01,England,Anxiolytics,1960640.0,58451692,34.7,2024,2,21,33.54,7.9,7.8,0.8,5.2,4.9,0.9,10.5,10.7,0.8,107.8,104.0,30.5,2704.7,2614.0,795.7
2024-02-01,Spain,Antidepressants,4556460.0,48646840,96.89,2024,2,21,93.66,12.3,12.4,2.0,7.3,7.6,2.0,17.3,16.8,2.2,76.4,28.5,90.0,9607.5,10020.0,2410.8
2024-02-01,Spain,Anxiolytics,4579210.0,48646840,97.38,2024,2,21,94.13,12.3,12.4,2.0,7.3,7.6,2.0,17.3,16.8,2.2,76.4,28.5,90.0,9607.5,10020.0,2410.8
2024-03-01,England,Antidepressants,7395150.0,58506083,122.32,2024,3,20,132.72,7.9,7.8,0.7,5.0,4.8,0.7,10.8,11.0,0.9,86.6,87.0,44.9,4355.5,4193.0,1119.9
2024-03-01,England,Anxiolytics,1976358.0,58506083,32.69,2024,3,20,35.47,7.9,7.8,0.7,5.0,4.8,0.7,10.8,11.0,0.9,86.6,87.0,44.9,4355.5,4193.0,1119.9
2024-03-01,Spain,Antidepressants,4567780.0,48673985,90.82,2024,3,20,98.54,13.1,13.4,2.2,8.1,8.6,2.3,18.1,18.6,2.4,102.1,66.0,78.8,10215.0,10080.0,2166.4
2024-03-01,Spain,Anxiolytics,4522740.0,48673985,89.92,2024,3,20,97.56,13.1,13.4,2.2,8.1,8.6,2.3,18.1,18.6,2.4,102.1,66.0,78.8,10215.0,10080.0,2166.4
2024-04-01,England,Antidepressants,7637697.0,58560475,130.42,2024,4,21,130.42,9.4,9.4,0.7,6.3,6.0,0.8,12.5,12.6,1.0,68.9,71.0,26.5,6007.5,5702.0,1584.7
2024-04-01,England,Anxiolytics,2033611.0,58560475,34.73,2024,4,21,34.73,9.4,9.4,0.7,6.3,6.0,0.8,12.5,12.6,1.0,68.9,71.0,26.5,6007.5,5702.0,1584.7
2024-04-01,Spain,Antidepressants,5002050.0,48701130,102.71,2024,4,22,98.04,15.5,15.2,1.9,9.6,9.9,2.2,21.4,21.6,2.4,41.5,10.0,46.5,15405.0,16500.0,2462.4
2024-04-01,Spain,Anxiolytics,4916830.0,48701130,100.96,2024,4,22,96.37,15.5,15.2,1.9,9.6,9.9,2.2,21.4,21.6,2.4,41.5,10.0,46.5,15405.0,16500.0,2462.4
2024-05-01,England,Antidepressants,7826544.0,58614867,129.22,2024,5,21,133.52,13.5,13.6,0.6,9.9,9.9,0.4,17.2,17.5,1.0,79.9,75.5,26.4,8086.4,7747.0,2175.9
2024-05-01,England,Anxiolytics,2086934.0,58614867,34.46,2024,5,21,35.6,13.5,13.6,0.6,9.9,9.9,0.4,17.2,17.5,1.0,79.9,75.5,26.4,8086.4,7747.0,2175.9
2024-05-01,Spain,Antidepressants,4910320.0,48741399,97.49,2024,5,22,96.16,18.2,18.5,2.8,12.3,12.6,2.7,24.0,25.4,3.8,40.4,8.0,66.0,17317.5,18690.0,4519.1
2024-05-01,Spain,Anxiolytics,4757840.0,48741399,94.47,2024,5,22,93.18,18.2,18.5,2.8,12.3,12.6,2.7,24.0,25.4,3.8,40.4,8.0,66.0,17317.5,18690.0,4519.1
2024-06-01,England,Antidepressants,7285207.0,58669258,124.17,2024,6,20,130.38,14.4,14.6,0.7,10.0,10.0,0.5,18.3,18.3,1.1,41.1,32.5,41.5,10316.3,10423.0,2463.3
2024-06-01,England,Anxiolytics,1932427.0,58669258,32.94,2024,6,20,34.58,14.4,14.6,0.7,10.0,10.0,0.5,18.3,18.3,1.1,41.1,32.5,41.5,10316.3,10423.0,2463.3
2024-06-01,Spain,Antidepressants,4600180.0,48781667,94.3,2024,6,20,99.02,21.9,22.8,2.9,16.6,17.2,2.7,27.2,28.8,3.7,40.6,36.0,25.3,15982.5,17340.0,4111.6
2024-06-01,Spain,Anxiolytics,4413590.0,48781667,90.48,2024,6,20,95.0,21.9,22.8,2.9,16.6,17.2,2.7,27.2,28.8,3.7,40.6,36.0,25.3,15982.5,17340.0,4111.6
2024-07-01,England,Antidepressants,7943445.0,58723650,130.9,2024,7,23,123.51,16.3,16.4,0.8,12.2,12.1,0.7,20.1,20.2,1.1,73.7,67.0,22.8,8568.7,8245.0,1906.0
2024-07-01,England,Anxiolytics,2108524.0,58723650,34.75,2024,7,23,32.78,16.3,16.4,0.8,12.2,12.1,0.7,20.1,20.2,1.1,73.7,67.0,22.8,8568.7,8245.0,1906.0
2024-07-01,Spain,Antidepressants,5019710.0,48821936,99.5,2024,7,23,93.88,25.4,27.2,3.4,19.4,20.0,3.0,31.4,32.0,4.6,13.6,12.0,15.3,20167.5,21360.0,3857.6
2024-07-01,Spain,Anxiolytics,4776440.0,48821936,94.68,2024,7,23,89.33,25.4,27.2,3.4,19.4,20.0,3.0,31.4,32.0,4.6,13.6,12.0,15.3,20167.5,21360.0,3857.6
2024-08-01,England,Antidepressants,7632513.0,58778042,125.66,2024,8,21,129.85,17.1,17.0,0.9,13.1,13.0,0.9,21.0,20.8,1.3,32.2,28.0,13.5,9113.2,8817.0,2409.4
2024-08-01,England,Anxiolytics,2033041.0,58778042,33.47,2024,8,21,34.59,17.1,17.0,0.9,13.1,13.0,0.9,21.0,20.8,1.3,32.2,28.0,13.5,9113.2,8817.0,2409.4
2024-08-01,Spain,Antidepressants,4704820.0,48881251,93.15,2024,8,21,96.25,26.3,27.6,3.3,20.5,21.0,3.3,32.0,32.8,4.0,19.1,9.0,30.3,18645.0,19440.0,2640.0
2024-08-01,Spain,Anxiolytics,4467090.0,48881251,88.44,2024,8,21,91.39,26.3,27.6,3.3,20.5,21.0,3.3,32.0,32.8,4.0,19.1,9.0,30.3,18645.0,19440.0,2640.0
2024-09-01,England,Antidepressants,7498380.0,58832433,127.45,2024,9,21,127.45,13.8,13.8,0.9,10.6,10.3,0.8,17.3,17.2,1.2,99.8,103.0,38.8,7042.0,6920.0,718.3
2024-09-01,England,Anxiolytics,1990388.0,58832433,33.83,2024,9,21,33.83,13.8,13.8,0.9,10.6,10.3,0.8,17.3,17.2,1.2,99.8,103.0,38.8,7042.0,6920.0,718.3
2024-09-01,Spain,Antidepressants,4714430.0,48940565,96.33,2024,9,21,96.33,21.2,21.0,3.2,16.0,16.4,3.4,26.3,26.4,3.4,68.8,43.5,67.2,14062.5,14730.0,2474.3
2024-09-01,Spain,Anxiolytics,4430410.0,48940565,90.53,2024,9,21,90.53,21.2,21.0,3.2,16.0,16.4,3.4,26.3,26.4,3.4,68.8,43.5,67.2,14062.5,14730.0,2474.3
2024-10-01,England,Antidepressants,7973996.0,58886825,131.04,2024,10,23,123.64,11.6,11.3,0.9,8.6,8.5,0.9,14.6,14.2,0.9,76.2,72.0,25.9,5353.6,5179.0,978.6
2024-10-01,England,Anxiolytics,2119927.0,58886825,34.84,2024,10,23,32.87,11.6,11.3,0.9,8.6,8.5,0.9,14.6,14.2,0.9,76.2,72.0,25.9,5353.6,5179.0,978.6
2024-10-01,Spain,Antidepressants,5054790.0,48999880,99.83,2024,10,23,94.19,18.6,18.8,2.2,14.3,14.2,2.1,22.9,22.9,2.4,163.1,133.0,98.0,9420.0,9060.0,1844.0
2024-10-01,Spain,Anxiolytics,4745810.0,48999880,93.73,2024,10,23,88.43,18.6,18.8,2.2,14.3,14.2,2.1,22.9,22.9,2.4,163.1,133.0,98.0,9420.0,9060.0,1844.0
2024-11-01,England,Antidepressants,7630973.0,58941217,129.47,2024,11,21,129.47,7.7,7.2,1.1,5.1,4.8,1.1,10.2,9.7,1.1,64.8,61.0,23.8,3114.7,2988.0,589.1
2024-11-01,England,Anxiolytics,2014044.0,58941217,34.17,2024,11,21,34.17,7.7,7.2,1.1,5.1,4.8,1.1,10.2,9.7,1.1,64.8,61.0,23.8,3114.7,2988.0,589.1
2024-11-01,Spain,Antidepressants,4791970.0,49042686,97.71,2024,11,20,102.6,15.1,15.4,2.3,10.8,11.1,2.5,19.4,19.5,2.2,67.2,54.0,60.7,8445.0,8550.0,1435.3
2024-11-01,Spain,Anxiolytics,4506520.0,49042686,91.89,2024,11,20,96.48,15.1,15.4,2.3,10.8,11.1,2.5,19.4,19.5,2.2,67.2,54.0,60.7,8445.0,8550.0,1435.3
2024-12-01,England,Antidepressants,7825769.0,58995608,128.37,2024,12,20,139.28,7.4,7.2,0.6,5.4,5.3,0.6,9.2,9.0,0.6,68.1,59.0,32.0,1902.3,1868.0,398.7
2024-12-01,England,Anxiolytics,2081373.0,58995608,34.14,2024,12,20,37.04,7.4,7.2,0.6,5.4,5.3,0.6,9.2,9.0,0.6,68.1,59.0,32.0,1902.3,1868.0,398.7
2024-12-01,Spain,Antidepressants,4887180.0,49085491,96.35,2024,12,20,104.54,10.5,11.1,2.4,5.7,6.2,2.5,15.3,15.1,2.8,51.1,26.0,61.5,9420.0,9690.0,3019.0
2024-12-01,Spain,Anxiolytics,4545330.0,49085491,89.61,2024,12,20,97.23,10.5,11.1,2.4,5.7,6.2,2.5,15.3,15.1,2.8,51.1,26.0,61.5,9420.0,9690.0,3019.0
2025-01-01,England,Antidepressants,8065768.0,59050000,132.19,2025,1,22,130.38,3.7,3.4,1.1,1.1,1.1,1.0,6.2,5.9,1.2,94.0,87.5,25.6,3909.5,3732.0,586.7
2025-01-01,England,Anxiolytics,2128624.0,59050000,34.88,2025,1,22,34.41,3.7,3.4,1.1,1.1,1.1,1.0,6.2,5.9,1.2,94.0,87.5,25.6,3909.5,3732.0,586.7
2025-01-01,Spain,Antidepressants,5060350.0,49128297,99.68,2025,1,21,103.0,10.6,11.2,2.3,5.8,6.6,2.0,15.3,15.8,2.7,98.4,31.5,155.3,8685.0,8520.0,2270.4
2025-01-01,Spain,Anxiolytics,4706610.0,49128297,92.71,2025,1,21,95.8,10.6,11.2,2.3,5.8,6.6,2.0,15.3,15.8,2.7,98.4,31.5,155.3,8685.0,8520.0,2270.4
2025-02-01,England,Antidepressants,7204001.0,59093393,130.62,2025,2,20,128.0,5.4,5.2,0.8,3.2,2.9,0.9,7.7,7.6,0.7,42.9,40.0,24.2,3098.2,3105.0,630.6
2025-02-01,England,Anxiolytics,1903891.0,59093393,34.52,2025,2,20,33.83,5.4,5.2,0.8,3.2,2.9,0.9,7.7,7.6,0.7,42.9,40.0,24.2,3098.2,3105.0,630.6
2025-02-01,Spain,Antidepressants,4563340.0,49128297,99.52,2025,2,20,97.53,11.3,11.8,1.9,6.2,6.6,2.2,16.4,16.2,2.2,44.8,35.0,36.0,9210.0,9810.0,2171.9
2025-02-01,Spain,Anxiolytics,4226080.0,49128297,92.17,2025,2,20,90.32,11.3,11.8,1.9,6.2,6.6,2.2,16.4,16.2,2.2,44.8,35.0,36.0,9210.0,9810.0,2171.9
2025-03-01,England,Antidepressants,7671147.0,59136786,125.53,2025,3,21,129.72,7.6,7.5,0.4,3.7,3.5,0.8,11.7,11.5,0.8,39.1,22.0,41.0,7890.1,7157.0,2538.2
2025-03-01,England,Anxiolytics,2011999.0,59136786,32.93,2025,3,21,34.02,7.6,7.5,0.4,3.7,3.5,0.8,11.7,11.5,0.8,39.1,22.0,41.0,7890.1,7157.0,2538.2
2025-03-01,Spain,Antidepressants,5018190.0,49128297,98.85,2025,3,21,102.14,12.2,12.4,2.2,8.0,8.8,2.4,16.4,15.9,2.1,143.6,122.5,71.9,8617.5,8820.0,1529.3
2025-03-01,Spain,Anxiolytics,4589210.0,49128297,90.4,2025,3,21,93.41,12.2,12.4,2.2,8.0,8.8,2.4,16.4,15.9,2.1,143.6,122.5,71.9,8617.5,8820.0,1529.3
2025-04-01,England,Antidepressants,7681930.0,59180180,129.81,2025,4,20,136.3,10.4,10.4,0.5,5.7,5.5,1.0,15.2,15.3,0.9,43.5,19.0,45.9,10968.1,10511.0,2423.1
2025-04-01,England,Anxiolytics,2025241.0,59180180,34.22,2025,4,20,35.93,10.4,10.4,0.5,5.7,5.5,1.0,15.2,15.3,0.9,43.5,19.0,45.9,10968.1,10511.0,2423.1
2025-04-01,Spain,Antidepressants,4960360.0,49128297,100.97,2025,4,21,100.97,15.9,15.6,1.8,10.6,11.0,2.1,21.1,20.8,2.0,61.8,49.5,52.0,13162.5,13170.0,2160.0
2025-04-01,Spain,Anxiolytics,4490540.0,49128297,91.4,2025,4,21,91.4,15.9,15.6,1.8,10.6,11.0,2.1,21.1,20.8,2.0,61.8,49.5,52.0,13162.5,13170.0,2160.0
2025-05-01,England,Antidepressants,7941315.0,59223573,129.76,2025,5,20,140.79,13.3,13.4,0.9,8.6,8.5,1.1,17.8,18.1,1.3,33.1,31.0,15.5,11011.0,10366.0,2304.5
2025-05-01,England,Anxiolytics,2084118.0,59223573,34.06,2025,5,20,36.95,13.3,13.4,0.9,8.6,8.5,1.1,17.8,18.1,1.3,33.1,31.0,15.5,11011.0,10366.0,2304.5
2025-05-01,Spain,Antidepressants,5068570.0,49128297,99.84,2025,5,21,103.17,18.7,19.0,2.5,13.0,13.6,2.5,24.6,24.8,3.1,39.6,46.0,24.9,17715.0,18210.0,2318.0
2025-05-01,Spain,Anxiolytics,4568760.0,49128297,90.0,2025,5,21,93.0,18.7,19.0,2.5,13.0,13.6,2.5,24.6,24.8,3.1,39.6,46.0,24.9,17715.0,18210.0,2318.0
2025-06-01,England,Antidepressants,7706460.0,59266966,130.03,2025,6,21,130.03,17.2,17.1,0.8,13.0,13.0,0.7,21.3,20.9,1.4,50.6,47.5,28.3,10556.9,9619.0,3836.2
2025-06-01,England,Anxiolytics,2022729.0,59266966,34.13,2025,6,21,34.13,17.2,17.1,0.8,13.0,13.0,0.7,21.3,20.9,1.4,50.6,47.5,28.3,10556.9,9619.0,3836.2
2025-06-01,Spain,Antidepressants,4840890.0,49128297,98.54,2025,6,21,98.54,25.2,26.2,3.1,19.1,20.4,2.9,31.3,31.7,4.2,14.6,5.5,19.9,18037.5,18600.0,2397.6
2025-06-01,Spain,Anxiolytics,4325210.0,49128297,88.04,2025,6,21,88.04,25.2,26.2,3.1,19.1,20.4,2.9,31.3,31.7,4.2,14.6,5.5,19.9,18037.5,18600.0,2397.6
2025-07-01,England,Antidepressants,8223191.0,59310359,134.17,2025,7,23,126.59,18.2,18.2,0.8,14.1,13.8,0.8,22.3,22.4,1.2,56.2,54.5,14.0,10996.4,10448.0,2338.7
2025-07-01,England,Anxiolytics,2157961.0,59310359,35.21,2025,7,23,33.22,18.2,18.2,0.8,14.1,13.8,0.8,22.3,22.4,1.2,56.2,54.5,14.0,10996.4,10448.0,2338.7
2025-07-01,Spain,Antidepressants,5197630.0,49128297,102.38,2025,7,23,96.6,25.6,26.3,3.5,19.8,20.7,3.3,31.2,32.4,4.4,19.4,16.0,18.5,20062.5,21360.0,3316.4
2025-07-01,Spain,Anxiolytics,4564880.0,49128297,89.92,2025,7,23,84.84,25.6,26.3,3.5,19.8,20.7,3.3,31.2,32.4,4.4,19.4,16.0,18.5,20062.5,21360.0,3316.4
2025-08-01,England,Antidepressants,7561282.0,59353753,123.28,2025,8,20,133.76,17.6,17.6,0.6,13.5,13.4,0.8,21.9,21.7,0.9,33.5,27.0,19.2,11361.5,10716.0,1700.4
2025-08-01,England,Anxiolytics,1994278.0,59353753,32.52,2025,8,20,35.28,17.6,17.6,0.6,13.5,13.4,0.8,21.9,21.7,0.9,33.5,27.0,19.2,11361.5,10716.0,1700.4
2025-08-01,Spain,Antidepressants,4723190.0,49128297,93.04,2025,8,20,100.95,26.4,27.4,3.1,20.2,21.0,3.1,32.6,33.7,3.9,23.1,9.0,31.2,18472.5,18780.0,2039.6
2025-08-01,Spain,Anxiolytics,4179569.999999999,49128297,82.33,2025,8,20,89.33,26.4,27.4,3.1,20.2,21.0,3.1,32.6,33.7,3.9,23.1,9.0,31.2,18472.5,18780.0,2039.6
2025-09-01,England,Antidepressants,7980987.0,59397146,134.37,2025,9,22,128.26,13.9,14.0,0.6,10.3,10.1,1.0,17.8,17.9,0.7,84.7,78.0,24.0,8581.8,8390.0,1085.6
2025-09-01,England,Anxiolytics,2107819.0,59397146,35.49,2025,9,22,33.87,13.9,14.0,0.6,10.3,10.1,1.0,17.8,17.9,0.7,84.7,78.0,24.0,8581.8,8390.0,1085.6
2025-09-01,Spain,Antidepressants,5056890.0,49128297,102.93,2025,9,22,98.25,22.1,22.4,3.3,16.4,17.0,3.4,27.9,28.4,3.8,39.1,35.0,43.7,15067.5,15600.0,2338.2
2025-09-01,Spain,Anxiolytics,4434950.0,49128297,90.27,2025,9,22,86.17,22.1,22.4,3.3,16.4,17.0,3.4,27.9,28.4,3.8,39.1,35.0,43.7,15067.5,15600.0,2338.2
2025-10-01,England,Antidepressants,8229855.0,59440539,133.99,2025,10,23,126.42,11.6,11.5,0.7,9.0,8.8,0.7,14.3,13.9,0.7,71.0,71.0,14.3,5226.7,5124.0,684.6
2025-10-01,England,Anxiolytics,2171225.0,59440539,35.35,2025,10,23,33.35,11.6,11.5,0.7,9.0,8.8,0.7,14.3,13.9,0.7,71.0,71.0,14.3,5226.7,5124.0,684.6
2025-10-01,Spain,Antidepressants,5219980.0,49128297,102.82,2025,10,23,97.01,19.3,18.7,2.7,14.0,13.9,2.9,24.6,23.8,2.9,71.4,49.5,57.2,12547.5,12510.0,1807.5
2025-10-01,Spain,Anxiolytics,4564210.0,49128297,89.91,2025,10,23,84.83,19.3,18.7,2.7,14.0,13.9,2.9,24.6,23.8,2.9,71.4,49.5,57.2,12547.5,12510.0,1807.5
2025-11-01,England,Antidepressants,7592866.0,59483932,127.65,2025,11,20,134.03,8.7,8.3,0.9,6.1,5.8,1.0,10.9,10.8,1.0,116.3,118.0,20.8,3455.3,3289.0,449.2
2025-11-01,England,Anxiolytics,1989381.0,59483932,33.44,2025,11,20,35.12,8.7,8.3,0.9,6.1,5.8,1.0,10.9,10.8,1.0,116.3,118.0,20.8,3455.3,3289.0,449.2
2025-11-01,Spain,Antidepressants,4822680.0,49128297,98.17,2025,11,20,103.07,13.3,13.9,2.4,8.6,9.4,2.3,18.0,18.2,2.8,101.4,51.5,118.2,9457.5,10050.0,3503.3
2025-11-01,Spain,Anxiolytics,4157130.0,49128297,84.62,2025,11,20,88.85,13.3,13.9,2.4,8.6,9.4,2.3,18.0,18.2,2.8,101.4,51.5,118.2,9457.5,10050.0,3503.3
2025-12-01,England,Antidepressants,8366599.0,59527325,136.02,2025,12,21,140.55,7.4,7.3,0.7,5.0,4.9,0.8,9.3,9.1,0.6,95.7,85.0,37.5,2913.4,2783.0,525.6
2025-12-01,England,Anxiolytics,2216274.0,59527325,36.03,2025,12,21,37.23,7.4,7.3,0.7,5.0,4.9,0.8,9.3,9.1,0.6,95.7,85.0,37.5,2913.4,2783.0,525.6
2025-12-01,Spain,Antidepressants,5213790.0,49128297,102.7,2025,12,21,106.13,10.5,11.5,2.2,6.5,7.2,1.9,14.5,15.4,2.5,106.8,116.0,57.2,6322.5,6210.0,1407.8
2025-12-01,Spain,Anxiolytics,4449770.0,49128297,87.65,2025,12,21,90.57,10.5,11.5,2.2,6.5,7.2,1.9,14.5,15.4,2.5,106.8,116.0,57.2,6322.5,6210.0,1407.8
