"date","tavg","tmin","tmax","prcp","pres","tsun","station_name"
"2023-07",15.9,13.2,18.5,,1006.9,8138.0,Sunderland
"2024-01",5.3,3.6,7.1,,1013.2,3962.0,Sunderland
"2024-02",7.3,5.2,9.4,,1004.7,3412.0,Sunderland
"2024-03",7.4,5.3,9.4,,1003.6,5041.0,Sunderland
"2024-04",8.4,6.0,10.6,,1010.1,7932.0,Sunderland
"2024-05",12.3,9.8,14.8,,1012.7,9420.0,Sunderland
"2024-06",13.5,9.9,16.4,,1012.2,10585.0,Sunderland
"2024-07",15.2,11.8,17.9,,1011.9,8138.0,Sunderland
"2022-06",13.9,9.9,17.6,16.0,1017.3,10452.0,Newcastle upon Tyne
"2022-06",15.4,11.4,19.5,87.0,1018.7,11010.0,Leeds
"2022-06",16.4,13.0,19.9,70.0,1020.2,12654.0,Bristol
"2022-06",16.4,11.7,21.0,24.0,1019.9,12732.0,London
"2025-08",16.6,13.3,20.1,27.0,1014.2,9928.0,Newcastle upon Tyne
"2025-09",13.3,10.2,16.5,72.0,1011.1,7850.0,Newcastle upon Tyne
"2025-10",10.9,8.5,13.4,71.0,1010.2,6047.0,Newcastle upon Tyne
"2025-11",7.9,5.8,9.6,120.0,1008.0,3181.0,Newcastle upon Tyne
"2025-12",7.3,5.5,9.0,71.0,1011.7,2179.0,Newcastle upon Tyne
"2021-08",15.9,13.2,18.7,27.0,1015.7,9506.0,Sunderland
"2021-09",15.7,13.2,18.5,84.0,1016.6,7878.0,Sunderland
"2021-10",12.7,10.6,14.7,75.0,1009.8,5820.0,Sunderland
"2021-11",9.0,7.0,10.9,90.0,1014.2,3094.0,Sunderland
"2021-12",6.6,4.8,8.4,67.0,1009.4,2271.0,Sunderland
"2022-08",17.1,13.6,20.6,27.0,1017.7,9506.0,Sunderland
"2022-09",12.8,9.8,16.1,86.0,1012.7,7173.0,Newcastle upon Tyne
"2022-10",11.0,8.4,13.8,25.0,1009.5,5833.0,Newcastle upon Tyne
"2022-11",7.6,5.5,9.8,116.0,1002.6,3405.0,Newcastle upon Tyne
"2022-12",2.8,1.2,4.7,88.0,1008.5,3143.0,Newcastle upon Tyne
"2023-01",4.4,2.5,6.5,30.0,1008.2,4075.0,Newcastle upon Tyne
"2023-02",6.2,4.0,8.5,67.0,1024.6,4391.0,Newcastle upon Tyne
"2023-03",5.3,2.5,7.9,26.0,1005.1,6114.0,Newcastle upon Tyne
"2023-04",7.0,3.9,10.0,34.0,1016.1,8632.0,Newcastle upon Tyne
"2023-05",11.0,7.0,14.7,36.0,1023.3,12166.0,Newcastle upon Tyne
"2023-06",14.4,10.0,18.5,9.0,1018.7,15038.0,Newcastle upon Tyne
"2023-07",14.5,10.7,18.2,47.0,1006.6,10734.0,Newcastle upon Tyne
"2023-08",14.6,10.9,18.3,72.0,1011.1,10509.0,Newcastle upon Tyne
"2023-09",14.4,10.9,18.0,25.0,1011.9,5773.0,Newcastle upon Tyne
"2023-10",10.4,8.0,13.1,36.0,1005.1,2990.0,Newcastle upon Tyne
"2023-11",6.1,4.0,8.3,77.0,1001.2,2900.0,Newcastle upon Tyne
"2023-12",5.5,3.4,7.3,63.0,1004.9,1808.0,Newcastle upon Tyne
"2024-01",4.0,2.1,6.2,14.0,1012.9,3048.0,Newcastle upon Tyne
"2024-02",6.3,3.8,8.9,72.0,1004.3,2998.0,Newcastle upon Tyne
"2024-03",6.3,4.0,8.7,12.0,1003.2,3333.0,Newcastle upon Tyne
"2022-09",14.2,11.7,17.0,84.0,1012.9,6307.0,Sunderland
"2025-10",11.0,8.5,13.8,51.0,1012.1,4855.0,Leeds
"2025-11",7.6,5.3,9.7,104.0,1009.1,2830.0,Leeds
"2025-12",6.5,4.4,8.4,85.0,1013.2,2139.0,Leeds
"2022-09",13.8,10.2,17.7,63.0,1013.3,6667.0,Leeds
"2022-10",12.3,9.6,15.2,97.0,1011.5,5367.0,Leeds
"2022-11",8.5,6.3,10.3,114.0,1004.3,2211.0,Leeds
"2022-12",3.2,1.4,5.3,69.0,1010.1,2830.0,Leeds
"2023-01",5.1,2.9,7.3,100.0,1010.9,3709.0,Leeds
"2023-02",6.5,4.0,9.1,16.0,1026.6,3954.0,Leeds
"2023-03",6.4,3.5,9.2,88.0,1006.2,5441.0,Leeds
"2023-04",8.0,4.3,11.8,67.0,1016.3,7515.0,Leeds
"2023-05",12.3,7.8,16.8,23.0,1023.5,11213.0,Leeds
"2023-06",16.3,11.2,21.3,40.0,1018.8,14739.0,Leeds
"2023-07",15.9,12.7,18.9,128.0,1008.3,8622.0,Leeds
"2023-08",16.0,12.5,19.7,75.0,1012.1,8855.0,Leeds
"2023-09",16.1,12.3,20.1,76.0,1013.0,7194.0,Leeds
"2023-10",11.4,9.0,14.1,160.0,1005.9,3581.0,Leeds
"2023-11",7.0,4.8,9.1,92.0,1002.4,3489.0,Leeds
"2023-12",6.6,4.6,8.4,189.0,1007.1,2351.0,Leeds
"2024-01",4.5,2.3,7.0,107.0,1014.8,3822.0,Leeds
"2024-02",7.4,4.8,9.8,91.0,1006.4,3036.0,Leeds
"2024-03",7.3,4.6,10.1,95.0,1003.8,3886.0,Leeds
"2024-04",9.1,6.0,12.0,107.0,1011.1,5702.0,Leeds
"2024-05",13.7,10.0,17.5,84.0,1012.5,6340.0,Leeds
"2024-06",14.3,10.1,17.9,55.0,1013.4,9529.0,Leeds
"2024-07",16.2,12.1,19.9,52.0,1012.7,8346.0,Leeds
"2024-08",16.8,13.1,20.3,29.0,1011.0,8222.0,Leeds
"2024-09",13.2,10.0,16.6,122.0,1016.0,6711.0,Leeds
"2024-10",11.0,8.1,13.8,64.0,1012.8,5043.0,Leeds
"2024-11",6.6,3.9,9.1,56.0,1019.0,2537.0,Leeds
"2024-12",7.1,5.2,8.9,116.0,1019.2,1958.0,Leeds
"2025-01",2.6,0.0,5.1,89.0,1010.9,3699.0,Leeds
"2025-02",4.7,2.4,7.2,36.0,1021.0,2194.0,Leeds
"2025-03",7.2,3.5,11.4,28.0,1017.1,5631.0,Leeds
"2025-04",9.8,4.7,15.1,9.0,1018.2,8336.0,Leeds
"2025-05",12.5,7.6,17.3,33.0,1018.6,9222.0,Leeds
"2025-06",17.1,13.0,20.9,34.0,1014.1,7178.0,Leeds
"2025-07",17.8,13.6,21.8,65.0,1014.7,8832.0,Leeds
"2024-08",,,,10.0,,12198.0,Middlesbrough
"2022-09",14.0,10.1,17.7,90.0,1013.0,7493.0,Manchester
"2022-10",12.5,9.4,15.5,116.0,1011.5,5627.0,Manchester
"2022-11",8.9,6.3,11.3,104.0,1004.1,2918.0,Manchester
"2022-12",3.4,0.6,5.9,64.0,1009.7,3158.0,Manchester
"2023-01",5.3,2.3,7.7,83.0,1011.6,3178.0,Manchester
"2023-02",6.8,4.0,9.6,20.0,1027.0,4030.0,Manchester
"2023-03",6.9,4.0,9.6,125.0,1005.8,4274.0,Manchester
"2023-04",8.8,5.0,12.4,72.0,1015.7,8335.0,Manchester
"2023-05",13.0,8.4,17.0,51.0,1023.2,12539.0,Manchester
"2023-06",17.3,12.3,22.3,54.0,1018.1,16049.0,Manchester
"2023-07",15.6,12.5,18.7,191.0,1008.6,7813.0,Manchester
"2023-08",15.7,12.2,19.3,98.0,1012.3,7801.0,Manchester
"2023-09",16.3,12.2,20.1,96.0,1012.9,6425.0,Manchester
"2023-10",11.5,8.3,14.6,153.0,1005.7,3624.0,Manchester
"2023-11",7.0,4.4,9.3,107.0,1002.8,3366.0,Manchester
"2023-12",7.0,4.5,8.9,155.0,1007.6,1683.0,Manchester
"2024-01",4.9,2.0,7.6,77.0,1015.1,3242.0,Manchester
"2024-02",7.3,4.4,10.1,114.0,1006.8,1572.0,Manchester
"2024-03",7.8,4.8,10.8,99.0,1003.3,2837.0,Manchester
"2024-04",9.4,5.9,12.6,104.0,1011.1,2929.0,Manchester
"2024-05",14.3,10.7,17.9,122.0,1012.2,4458.0,Manchester
"2024-06",14.1,10.1,17.5,48.0,1013.8,5484.0,Manchester
"2024-07",15.9,12.0,19.7,116.0,1013.0,4846.0,Manchester
"2024-10",11.5,8.5,14.2,80.0,1012.6,4377.0,Manchester
"2024-11",7.2,4.3,9.8,53.0,1018.9,2943.0,Manchester
"2025-01",3.1,0.3,5.6,122.0,1010.9,3732.0,Manchester
"2025-02",5.4,3.2,7.8,46.0,1020.2,2717.0,Manchester
"2025-05",13.4,7.8,18.7,51.0,1018.3,9776.0,Manchester
"2025-06",16.6,12.7,20.8,83.0,1014.5,5989.0,Manchester
"2025-07",17.6,13.5,21.3,56.0,1015.2,9082.0,Manchester
"2025-08",17.5,13.7,21.5,37.0,1015.6,9850.0,Manchester
"2025-09",13.6,9.7,17.7,150.0,1012.6,6965.0,Manchester
"2025-10",11.5,9.1,13.8,85.0,1012.5,4128.0,Manchester
"2025-11",8.1,5.3,10.7,130.0,1007.7,3093.0,Manchester
"2025-12",7.1,4.8,9.1,117.0,1012.6,2759.0,Manchester
"2021-01",2.4,-0.5,4.8,75.0,1010.0,3468.0,York
"2021-02",4.8,1.7,7.7,41.0,1013.7,2850.0,York
"2021-03",7.4,3.9,11.1,71.0,1019.2,5021.0,York
"2021-04",6.3,0.3,11.7,71.0,1023.8,7643.0,York
"2021-05",9.8,5.7,14.4,46.0,1008.5,8783.0,York
"2021-06",15.7,10.7,20.6,52.0,1018.8,10181.0,York
"2021-07",17.6,13.1,22.6,76.0,1014.0,8138.0,York
"2021-08",16.0,12.3,19.9,53.0,1015.9,8654.0,York
"2021-09",15.5,12.1,19.4,81.0,1017.2,7256.0,York
"2021-10",11.9,9.1,14.8,85.0,1011.2,4980.0,York
"2021-11",7.6,5.1,10.0,75.0,1015.4,2674.0,York
"2021-12",5.4,3.3,7.3,87.0,1010.3,2106.0,York
"2022-01",4.5,2.0,7.2,75.0,1022.6,3468.0,York
"2022-02",6.8,4.2,9.2,41.0,1009.4,2850.0,York
"2022-03",7.2,3.5,11.4,71.0,1022.9,5021.0,York
"2022-04",8.8,4.8,13.0,71.0,1016.4,7643.0,York
"2022-05",12.8,9.1,16.5,46.0,1016.3,8783.0,York
"2022-06",15.0,10.3,19.5,43.0,1014.8,10181.0,York
"2022-07",18.2,13.6,22.7,54.0,1019.7,8138.0,York
"2022-08",17.8,12.9,22.8,38.0,1018.1,8654.0,York
"2022-09",13.8,10.2,17.8,63.0,1013.1,6929.0,York
"2022-10",12.4,9.5,15.4,98.0,1011.3,5641.0,York
"2022-11",8.7,6.5,10.7,78.0,1004.1,2133.0,York
"2022-12",3.4,1.6,5.5,50.0,1009.8,2603.0,York
"2023-01",5.1,3.0,7.4,50.0,1010.5,3563.0,York
"2023-02",6.7,4.2,9.4,10.0,1026.3,3551.0,York
"2023-03",6.5,3.6,9.4,77.0,1006.0,5186.0,York
"2023-04",8.1,4.5,11.9,57.0,1016.3,7652.0,York
"2023-05",12.5,8.1,16.9,37.0,1023.5,11029.0,York
"2023-06",16.3,11.2,21.3,62.0,1018.8,14943.0,York
"2023-07",16.1,12.7,19.2,124.0,1008.0,8736.0,York
"2023-08",16.1,12.5,19.8,97.0,1011.9,8949.0,York
"2023-09",16.0,12.2,20.0,96.0,1012.8,7423.0,York
"2023-10",11.5,8.9,14.2,122.0,1005.7,3854.0,York
"2023-11",6.9,4.6,9.1,82.0,1002.0,2859.0,York
"2023-12",6.6,4.7,8.4,121.0,1006.7,1714.0,York
"2024-01",4.5,2.3,6.9,87.0,1014.5,3061.0,York
"2024-08",16.3,12.5,19.8,19.0,1011.5,5058.0,Manchester
"2024-09",13.4,10.3,16.7,143.0,1015.5,6291.0,Manchester
"2024-12",7.2,5.1,9.1,118.0,1020.1,1827.0,Manchester
"2025-03",7.9,3.4,12.2,29.0,1017.1,6026.0,Manchester
"2025-04",10.9,5.5,15.9,10.0,1017.5,9463.0,Manchester
"2024-02",7.4,4.7,9.8,90.0,1006.0,2614.0,York
"2024-03",7.5,4.8,10.2,65.0,1003.8,3707.0,York
"2024-04",9.0,5.9,11.9,84.0,1010.8,4738.0,York
"2024-05",13.6,9.9,17.2,69.0,1012.4,5543.0,York
"2024-06",14.2,10.0,17.7,51.0,1013.0,7422.0,York
"2024-07",16.2,12.2,19.8,65.0,1012.4,6981.0,York
"2024-08",16.8,13.1,20.4,53.0,1010.7,7422.0,York
"2024-09",13.2,10.0,16.6,81.0,1015.9,6616.0,York
"2024-10",11.0,8.1,13.9,61.0,1012.6,5057.0,York
"2024-11",6.6,4.2,9.1,32.0,1018.8,2814.0,York
"2024-12",7.2,5.4,8.9,87.0,1018.8,1637.0,York
"2025-01",2.5,0.2,4.9,89.0,1010.6,3779.0,York
"2025-02",5.0,2.9,7.4,24.0,1021.0,2386.0,York
"2025-03",7.4,3.9,11.5,71.0,1016.9,6171.0,York
"2025-04",10.1,5.3,15.1,71.0,1018.4,10538.0,York
"2025-05",12.8,8.1,17.2,32.0,1018.5,9778.0,York
"2025-06",17.0,13.0,20.9,54.0,1013.8,8177.0,York
"2025-07",17.8,13.6,21.9,61.0,1014.5,8698.0,York
"2025-08",17.3,13.3,21.7,24.0,1015.2,9591.0,York
"2025-09",13.4,9.9,17.2,84.0,1012.4,8055.0,York
"2025-10",11.0,8.6,13.6,58.0,1011.8,5369.0,York
"2025-11",7.8,5.7,9.8,107.0,1008.9,2889.0,York
"2025-12",6.8,4.9,8.6,92.0,1013.1,2471.0,York
"2022-09",14.1,10.5,18.3,53.0,1013.2,7064.0,Nottingham
"2022-10",12.3,9.1,16.0,118.0,1012.7,6261.0,Nottingham
"2022-11",8.6,6.2,10.9,107.0,1005.3,2852.0,Nottingham
"2022-12",3.7,1.5,6.3,60.0,1010.7,3641.0,Nottingham
"2023-01",5.1,2.6,7.8,66.0,1012.4,4041.0,Nottingham
"2023-02",6.5,3.8,9.6,7.0,1027.5,3848.0,Nottingham
"2023-03",6.4,3.5,9.4,104.0,1006.8,3946.0,Nottingham
"2023-04",8.2,4.3,12.2,75.0,1016.3,8137.0,Nottingham
"2023-05",12.5,8.3,16.8,38.0,1023.4,10952.0,Nottingham
"2023-06",16.6,11.9,21.7,60.0,1018.5,13067.0,Nottingham
"2023-07",15.8,12.3,19.6,129.0,1009.2,8207.0,Nottingham
"2023-08",16.0,12.1,20.1,70.0,1012.6,9135.0,Nottingham
"2023-09",16.3,12.5,20.8,106.0,1013.5,8208.0,Nottingham
"2023-10",11.5,8.4,15.0,148.0,1006.3,4116.0,Nottingham
"2023-11",6.8,4.3,9.6,74.0,1003.3,4143.0,Nottingham
"2023-12",6.6,4.3,8.4,151.0,1008.6,2140.0,Nottingham
"2024-01",4.6,1.8,7.3,64.0,1015.9,4342.0,Nottingham
"2024-02",7.4,4.6,10.2,115.0,1007.6,2582.0,Nottingham
"2024-03",7.5,4.5,10.9,87.0,1004.2,4193.0,Nottingham
"2024-04",9.1,5.7,12.6,78.0,1011.8,5627.0,Nottingham
"2024-05",13.8,10.1,18.0,89.0,1012.5,7249.0,Nottingham
"2024-06",14.4,10.1,18.3,45.0,1013.9,8896.0,Nottingham
"2024-07",16.4,11.9,20.7,82.0,1013.1,8245.0,Nottingham
"2024-10",10.9,7.7,14.2,72.0,1013.0,4641.0,Nottingham
"2024-11",6.9,4.4,9.3,57.0,1019.6,3798.0,Nottingham
"2025-01",3.0,0.7,5.4,86.0,1011.8,4532.0,Nottingham
"2025-02",4.8,2.5,7.4,36.0,1021.3,3133.0,Nottingham
"2025-04",10.4,5.0,16.1,12.0,1018.2,11216.0,Nottingham
"2025-05",13.1,7.8,18.4,49.0,1018.5,10366.0,Nottingham
"2025-06",17.6,12.7,22.5,18.0,1014.8,8756.0,Nottingham
"2025-07",18.2,13.8,22.7,49.0,1015.0,9632.0,Nottingham
"2025-08",17.5,12.9,22.3,18.0,1015.9,10077.0,Nottingham
"2025-09",13.5,9.8,17.9,84.0,1013.3,8004.0,Nottingham
"2025-10",11.0,8.5,13.7,64.0,1013.0,4771.0,Nottingham
"2025-11",7.9,5.1,10.3,131.0,1008.6,3289.0,Nottingham
"2025-12",6.6,4.3,8.6,80.0,1013.8,3003.0,Nottingham
"2021-01",2.8,0.5,5.2,48.0,1010.4,4630.0,Peterborough
"2021-02",4.8,1.7,7.7,50.0,1014.2,3675.0,Peterborough
"2021-03",6.9,3.5,10.5,69.0,1020.4,5413.0,Peterborough
"2021-04",6.1,1.3,10.9,44.0,1023.2,8481.0,Peterborough
"2024-08",16.9,12.7,20.9,23.0,1012.1,8817.0,Nottingham
"2024-09",13.2,10.0,17.0,103.0,1015.3,6542.0,Nottingham
"2024-12",6.7,4.7,8.8,54.0,1020.4,2329.0,Nottingham
"2025-03",7.5,3.5,12.2,16.0,1017.3,7590.0,Nottingham
"2021-05",10.0,5.9,14.1,41.0,1009.0,9746.0,Peterborough
"2021-06",15.8,11.5,19.8,30.0,1018.3,11810.0,Peterborough
"2021-07",17.6,13.4,22.2,59.0,1013.9,9768.0,Peterborough
"2021-08",16.1,12.5,20.2,30.0,1016.1,9991.0,Peterborough
"2021-09",16.0,11.7,20.8,76.0,1017.4,7959.0,Peterborough
"2021-10",12.0,8.6,15.2,80.0,1013.0,5691.0,Peterborough
"2021-11",7.4,4.5,10.2,93.0,1016.2,3695.0,Peterborough
"2021-12",6.2,4.0,8.4,65.0,1011.1,3030.0,Peterborough
"2022-01",4.4,1.2,7.6,48.0,1024.0,4630.0,Peterborough
"2022-02",6.6,3.2,10.0,50.0,1012.5,3675.0,Peterborough
"2022-03",7.2,3.0,11.7,69.0,1022.3,5413.0,Peterborough
"2022-04",9.0,4.5,13.7,44.0,1015.8,8481.0,Peterborough
"2022-05",13.1,8.7,17.7,41.0,1017.2,9746.0,Peterborough
"2022-06",15.4,10.1,20.3,28.0,1015.1,11810.0,Peterborough
"2022-07",19.2,13.5,24.6,20.0,1020.0,9768.0,Peterborough
"2022-08",19.2,14.0,24.5,34.0,1017.6,9991.0,Peterborough
"2022-09",14.4,10.4,18.9,37.0,1012.8,7132.0,Peterborough
"2022-10",12.5,8.8,16.6,71.0,1013.1,7158.0,Peterborough
"2022-11",8.9,6.2,11.4,101.0,1005.7,3105.0,Peterborough
"2022-12",3.7,1.0,6.3,36.0,1010.7,3863.0,Peterborough
"2023-01",4.8,1.5,8.1,38.0,1012.7,4771.0,Peterborough
"2023-02",6.2,2.7,9.9,9.0,1027.2,4606.0,Peterborough
"2023-03",6.8,3.8,10.0,81.0,1006.8,4495.0,Peterborough
"2023-04",8.3,4.2,12.6,65.0,1016.0,8817.0,Peterborough
"2023-05",12.2,8.0,16.5,38.0,1022.9,10912.0,Peterborough
"2023-06",16.6,11.7,22.0,63.0,1018.0,13705.0,Peterborough
"2023-07",16.3,12.2,20.7,76.0,1009.4,9584.0,Peterborough
"2023-08",16.7,12.4,21.2,57.0,1012.4,9333.0,Peterborough
"2023-09",16.8,12.5,21.8,70.0,1013.5,9063.0,Peterborough
"2023-10",12.1,8.6,15.9,144.0,1006.1,5188.0,Peterborough
"2023-11",7.0,4.2,9.8,65.0,1003.2,4948.0,Peterborough
"2023-12",6.9,4.6,9.0,109.0,1008.8,2358.0,Peterborough
"2024-01",4.7,1.6,7.5,57.0,1015.9,4363.0,Peterborough
"2024-02",7.8,4.7,10.7,108.0,1007.8,3174.0,Peterborough
"2024-03",7.9,4.5,11.4,56.0,1004.3,4096.0,Peterborough
"2024-04",9.3,6.0,12.7,48.0,1011.8,6116.0,Peterborough
"2024-05",13.6,9.8,17.7,55.0,1012.2,7747.0,Peterborough
"2024-06",14.7,9.8,19.2,14.0,1013.7,10423.0,Peterborough
"2024-07",16.8,12.2,21.5,67.0,1013.0,8892.0,Peterborough
"2024-08",17.8,12.9,22.6,15.0,1012.6,9912.0,Peterborough
"2024-09",13.9,10.6,17.9,143.0,1013.9,7038.0,Peterborough
"2024-10",11.1,7.8,14.6,57.0,1013.2,5731.0,Peterborough
"2024-11",7.1,4.7,9.5,67.0,1019.4,3532.0,Peterborough
"2024-12",6.9,4.8,8.9,48.0,1020.1,2730.0,Peterborough
"2025-01",3.0,0.3,6.0,47.0,1011.9,4755.0,Peterborough
"2025-02",4.7,1.9,7.4,34.0,1021.2,3246.0,Peterborough
"2025-03",7.4,2.6,12.6,69.0,1017.0,7647.0,Peterborough
"2025-04",10.3,5.0,15.8,19.0,1017.9,10511.0,Peterborough
"2025-05",13.2,8.1,18.3,31.0,1018.1,10580.0,Peterborough
"2025-06",18.0,12.6,23.3,17.0,1015.0,11302.0,Peterborough
"2025-07",18.5,13.7,23.4,75.0,1014.7,10827.0,Peterborough
"2025-08",17.7,12.7,23.1,13.0,1015.8,10729.0,Peterborough
"2025-09",14.0,10.1,18.7,57.0,1013.4,8604.0,Peterborough
"2025-10",11.1,8.3,14.0,49.0,1013.0,4685.0,Peterborough
"2025-11",8.3,5.3,10.8,139.0,1008.6,3194.0,Peterborough
"2025-12",6.7,4.2,9.0,68.0,1014.0,3167.0,Peterborough
"2021-01",3.3,0.8,5.5,56.0,1010.2,4042.0,Birmingham
"2021-02",5.0,1.8,7.8,49.0,1013.2,3202.0,Birmingham
"2021-03",7.1,3.6,10.4,96.0,1020.7,5010.0,Birmingham
"2021-04",6.8,1.5,11.4,63.0,1023.2,7882.0,Birmingham
"2021-05",10.2,6.4,13.9,54.0,1008.9,9346.0,Birmingham
"2021-06",16.1,11.8,20.1,47.0,1018.6,10097.0,Birmingham
"2021-07",18.3,14.4,22.3,65.0,1014.3,8884.0,Birmingham
"2021-08",16.0,12.8,19.4,45.0,1016.6,9392.0,Birmingham
"2021-09",15.8,11.6,20.4,71.0,1017.6,7285.0,Birmingham
"2021-10",12.1,8.9,14.8,82.0,1013.0,4899.0,Birmingham
"2021-11",7.7,4.7,10.2,89.0,1016.9,3537.0,Birmingham
"2021-12",6.8,4.6,8.8,92.0,1011.1,2704.0,Birmingham
"2022-01",4.7,1.1,7.9,56.0,1024.3,4042.0,Birmingham
"2022-02",7.3,4.0,10.3,49.0,1012.9,3202.0,Birmingham
"2022-03",7.3,2.5,11.9,96.0,1021.7,5010.0,Birmingham
"2022-04",9.1,4.1,13.6,63.0,1015.9,7882.0,Birmingham
"2022-05",13.2,9.1,17.4,54.0,1017.5,9346.0,Birmingham
"2022-06",15.3,9.9,19.9,43.0,1015.3,10097.0,Birmingham
"2022-07",18.6,13.2,23.5,40.0,1020.6,8884.0,Birmingham
"2022-08",18.8,13.2,24.0,35.0,1018.1,9392.0,Birmingham
"2022-09",14.1,10.2,18.1,71.0,1013.2,6899.0,Birmingham
"2022-10",12.6,8.6,16.3,69.0,1012.7,6151.0,Birmingham
"2022-11",9.1,6.1,11.6,100.0,1005.4,3530.0,Birmingham
"2022-12",3.9,1.4,6.7,45.0,1010.3,3882.0,Birmingham
"2023-01",5.3,2.1,8.2,49.0,1012.8,3958.0,Birmingham
"2023-02",6.4,2.9,9.9,9.0,1027.5,4264.0,Birmingham
"2023-03",6.9,4.0,9.7,94.0,1006.6,3933.0,Birmingham
"2023-04",8.5,4.2,12.4,58.0,1015.9,7919.0,Birmingham
"2023-05",12.7,8.1,17.1,52.0,1023.0,11158.0,Birmingham
"2023-06",17.1,12.0,22.4,64.0,1018.1,13226.0,Birmingham
"2023-07",16.2,12.7,19.7,106.0,1009.6,8726.0,Birmingham
"2023-08",16.4,12.5,19.9,67.0,1012.8,8511.0,Birmingham
"2023-09",16.6,12.1,21.1,71.0,1013.5,8092.0,Birmingham
"2023-10",12.0,8.6,15.7,118.0,1006.1,4420.0,Birmingham
"2023-11",7.3,4.2,10.2,52.0,1003.4,4281.0,Birmingham
"2023-12",7.3,4.7,9.2,131.0,1008.9,2174.0,Birmingham
"2024-01",5.0,1.6,7.8,44.0,1015.9,4314.0,Birmingham
"2024-02",8.0,4.9,10.8,93.0,1007.7,2678.0,Birmingham
"2024-03",7.8,4.4,11.2,98.0,1003.7,4273.0,Birmingham
"2024-04",9.5,6.0,13.1,68.0,1011.8,5594.0,Birmingham
"2024-05",14.0,9.8,18.1,82.0,1012.3,7408.0,Birmingham
"2024-06",14.6,9.9,18.5,39.0,1014.2,8936.0,Birmingham
"2024-07",16.5,11.9,20.5,67.0,1013.4,8051.0,Birmingham
"2024-08",17.0,12.4,21.3,45.0,1012.7,8949.0,Birmingham
"2024-09",13.7,10.3,17.4,71.0,1015.4,6205.0,Birmingham
"2024-10",11.2,8.0,14.2,78.0,1013.1,4761.0,Birmingham
"2024-11",7.5,4.7,9.7,61.0,1019.4,2988.0,Birmingham
"2024-12",7.1,5.3,9.0,92.0,1020.9,1684.0,Birmingham
"2025-01",3.4,0.6,6.3,75.0,1011.7,3855.0,Birmingham
"2025-02",5.1,2.6,7.6,45.0,1020.7,2665.0,Birmingham
"2025-03",7.8,3.1,12.5,96.0,1017.0,6824.0,Birmingham
"2025-04",10.8,5.2,16.2,63.0,1017.5,10134.0,Birmingham
"2025-05",13.8,8.6,18.6,28.0,1018.4,9471.0,Birmingham
"2025-06",17.9,13.2,22.6,41.0,1015.3,8130.0,Birmingham
"2025-07",18.9,14.5,23.2,45.0,1015.3,9874.0,Birmingham
"2025-08",18.2,13.6,22.8,32.0,1016.0,10716.0,Birmingham
"2025-09",13.5,9.2,17.9,73.0,1013.4,7942.0,Birmingham
"2025-10",11.2,8.2,13.9,65.0,1013.2,4265.0,Birmingham
"2025-11",8.3,4.8,11.0,145.0,1008.4,3350.0,Birmingham
"2025-12",6.9,3.8,9.1,99.0,1013.3,3076.0,Birmingham
"2022-09",15.0,11.7,18.9,89.0,1013.7,7737.0,Plymouth
"2022-10",14.2,11.5,16.8,88.0,1013.3,5943.0,Plymouth
"2022-11",11.0,8.8,13.0,217.0,1007.3,4416.0,Plymouth
"2022-12",6.1,4.0,8.4,149.0,1011.2,3493.0,Plymouth
"2023-01",6.7,4.0,9.3,115.0,1016.3,4230.0,Plymouth
"2023-02",7.2,4.4,10.1,9.0,1029.5,5813.0,Plymouth
"2023-03",8.4,6.2,10.7,146.0,1008.2,4587.0,Plymouth
"2023-04",9.6,6.6,13.2,93.0,1016.2,8568.0,Plymouth
"2023-05",13.4,9.3,17.9,70.0,1022.5,14760.0,Plymouth
"2023-06",17.5,13.4,22.0,25.0,1017.5,14929.0,Plymouth
"2023-07",16.2,13.5,19.4,122.0,1012.2,8900.0,Plymouth
"2023-08",16.3,13.5,19.7,77.0,1014.5,8110.0,Plymouth
"2023-09",17.0,14.1,20.5,81.0,1013.9,7058.0,Plymouth
"2023-10",13.7,11.3,16.3,119.0,1006.6,4776.0,Plymouth
"2023-11",9.5,7.1,11.7,160.0,1006.2,2757.0,Plymouth
"2023-12",9.5,7.3,11.2,164.0,1012.8,1361.0,Plymouth
"2024-01",6.1,3.5,8.5,76.0,1018.1,3489.0,Plymouth
"2024-02",9.1,6.8,11.0,179.0,1010.5,1823.0,Plymouth
"2024-03",8.6,6.1,11.1,206.0,1004.1,3676.0,Plymouth
"2024-04",10.2,7.6,13.0,84.0,1013.8,4963.0,Plymouth
"2024-05",13.5,10.2,17.3,68.0,1012.9,9025.0,Plymouth
"2024-06",14.8,10.7,19.0,26.0,1016.0,9664.0,Plymouth
"2024-07",16.2,12.9,19.8,118.0,1014.8,7733.0,Plymouth
"2024-08",16.9,13.8,20.2,42.0,1014.8,6356.0,Plymouth
"2024-09",14.7,11.6,18.2,95.0,1014.7,7020.0,Plymouth
"2024-10",13.1,10.4,16.0,138.0,1013.1,5542.0,Plymouth
"2024-11",10.2,7.5,12.8,111.0,1019.7,2751.0,Plymouth
"2024-12",8.7,6.6,10.3,53.0,1023.9,1531.0,Plymouth
"2025-01",6.2,3.5,8.7,129.0,1013.1,2951.0,Plymouth
"2025-02",7.1,5.1,9.4,78.0,1020.1,3324.0,Plymouth
"2025-03",8.5,4.9,12.6,8.0,1016.4,7879.0,Plymouth
"2025-04",11.5,7.8,15.7,122.0,1015.7,11367.0,Plymouth
"2025-05",14.0,10.2,18.1,33.0,1018.6,11921.0,Plymouth
"2025-06",16.3,13.2,19.9,90.0,1017.4,9619.0,Plymouth
"2025-07",18.0,14.4,22.3,32.0,1017.1,13722.0,Plymouth
"2025-08",17.6,14.1,21.6,90.0,1016.7,13766.0,Plymouth
"2025-09",14.3,11.0,18.0,119.0,1014.9,9780.0,Plymouth
"2025-10",12.7,10.3,15.2,82.0,1015.1,5978.0,Plymouth
"2025-11",10.4,8.1,12.7,136.0,1010.0,4092.0,Plymouth
"2025-12",8.5,6.0,10.4,204.0,1013.2,2731.0,Plymouth
"2021-01",5.7,3.0,8.0,100.0,1011.9,4184.0,Exeter
"2021-02",6.8,3.6,9.3,81.0,1013.2,3530.0,Exeter
"2021-03",8.0,4.0,11.7,136.0,1022.6,5117.0,Exeter
"2021-04",7.7,2.5,12.8,71.0,1023.0,7932.0,Exeter
"2021-05",10.9,7.2,14.6,57.0,1010.5,11458.0,Exeter
"2021-06",16.0,11.6,20.8,46.0,1018.6,12116.0,Exeter
"2021-07",18.3,14.2,23.0,66.0,1014.7,10610.0,Exeter
"2021-08",16.6,12.8,20.5,52.0,1017.4,9662.0,Exeter
"2021-09",16.2,11.5,20.9,90.0,1017.9,7768.0,Exeter
"2021-10",13.3,9.7,16.8,108.0,1014.6,5759.0,Exeter
"2021-11",8.8,5.3,12.0,121.0,1019.0,3715.0,Exeter
"2021-12",8.9,6.1,11.1,116.0,1012.7,2905.0,Exeter
"2022-01",6.2,2.4,9.7,100.0,1026.5,4184.0,Exeter
"2022-02",8.6,4.6,11.6,81.0,1017.1,3530.0,Exeter
"2022-03",8.6,4.4,12.7,136.0,1020.5,5117.0,Exeter
"2022-04",9.9,5.0,14.7,71.0,1016.0,7932.0,Exeter
"2022-05",13.4,8.7,18.0,57.0,1018.8,11458.0,Exeter
"2022-06",15.5,9.8,21.0,55.0,1015.7,12116.0,Exeter
"2022-07",18.3,12.2,23.9,13.0,1021.4,10610.0,Exeter
"2022-08",19.3,12.9,25.3,15.0,1017.9,9662.0,Exeter
"2022-09",14.8,10.2,19.1,103.0,1013.5,7514.0,Exeter
"2022-10",14.0,9.8,17.6,120.0,1013.2,6546.0,Exeter
"2022-11",10.5,7.2,13.1,141.0,1006.9,4515.0,Exeter
"2022-12",5.4,1.9,8.0,100.0,1011.2,3040.0,Exeter
"2023-01",6.2,2.5,9.3,98.0,1015.7,4159.0,Exeter
"2023-02",6.7,2.9,10.5,4.0,1029.1,5037.0,Exeter
"2023-03",8.3,5.5,11.0,143.0,1007.8,3977.0,Exeter
"2023-04",9.4,5.1,13.0,69.0,1016.1,8442.0,Exeter
"2023-05",13.8,8.9,18.8,49.0,1022.4,14460.0,Exeter
"2023-06",18.2,12.5,23.9,34.0,1017.4,14995.0,Exeter
"2023-07",16.9,12.9,20.7,107.0,1011.4,9486.0,Exeter
"2023-08",16.9,12.9,21.2,91.0,1013.8,8676.0,Exeter
"2023-09",16.9,12.1,21.6,95.0,1013.7,7596.0,Exeter
"2023-10",13.3,9.5,17.3,124.0,1006.4,5513.0,Exeter
"2023-11",9.1,5.9,12.1,125.0,1005.5,4018.0,Exeter
"2023-12",9.1,6.2,11.4,111.0,1011.9,2998.0,Exeter
"2024-01",5.6,1.9,8.8,76.0,1017.6,4782.0,Exeter
"2024-02",9.2,5.9,12.1,137.0,1009.7,2449.0,Exeter
"2024-03",8.7,5.1,12.2,128.0,1003.9,4218.0,Exeter
"2024-04",10.4,6.6,14.0,73.0,1013.3,6017.0,Exeter
"2024-05",13.6,9.2,18.1,95.0,1012.6,9251.0,Exeter
"2024-06",15.2,9.8,20.3,23.0,1015.4,11678.0,Exeter
"2024-07",16.7,12.1,21.5,92.0,1014.2,8801.0,Exeter
"2024-08",17.6,12.7,22.6,52.0,1014.2,7348.0,Exeter
"2024-09",14.3,10.3,18.6,90.0,1015.4,7252.0,Exeter
"2024-10",12.6,8.9,16.1,115.0,1012.9,5730.0,Exeter
"2024-11",9.2,5.5,12.2,101.0,1019.6,2258.0,Exeter
"2024-12",8.4,5.7,10.6,116.0,1023.5,1995.0,Exeter
"2025-01",5.2,1.6,8.5,126.0,1012.8,3612.0,Exeter
"2025-02",6.5,3.8,9.1,103.0,1020.2,3105.0,Exeter
"2025-03",7.8,3.0,12.7,136.0,1016.1,7157.0,Exeter
"2025-04",10.9,4.9,16.3,71.0,1016.0,9336.0,Exeter
"2025-05",14.4,8.5,20.0,28.0,1018.3,10662.0,Exeter
"2025-06",17.3,12.9,21.9,72.0,1016.9,9676.0,Exeter
"2025-07",18.7,13.5,24.1,51.0,1016.4,13542.0,Exeter
"2025-08",17.7,12.1,23.1,51.0,1016.5,12962.0,Exeter
"2025-09",14.1,9.2,18.8,71.0,1014.5,8708.0,Exeter
"2025-10",12.3,8.8,15.5,75.0,1014.7,5247.0,Exeter
"2025-11",9.9,6.3,12.6,118.0,1009.9,4068.0,Exeter
"2025-12",7.8,4.5,10.3,136.0,1013.6,3586.0,Exeter
"2022-09",15.2,12.3,18.4,57.0,1013.7,7402.0,Bristol
"2025-08",18.3,14.4,22.3,38.0,1016.5,13224.0,Bristol
"2025-09",14.1,10.8,17.7,101.0,1014.4,8390.0,Bristol
"2025-10",12.0,9.5,14.9,73.0,1014.5,5124.0,Bristol
"2025-11",9.3,7.1,11.3,131.0,1010.0,3853.0,Bristol
"2025-12",7.3,5.1,9.3,119.0,1014.2,3544.0,Bristol
"2022-12",5.0,3.4,6.9,81.0,1011.5,3234.0,Bristol
"2023-01",6.1,3.9,8.3,79.0,1014.9,4393.0,Bristol
"2023-02",6.8,4.5,9.4,5.0,1029.1,4546.0,Bristol
"2023-03",7.8,5.9,9.8,113.0,1007.7,3918.0,Bristol
"2023-04",9.3,6.3,12.5,60.0,1016.4,7961.0,Bristol
"2023-05",13.5,10.0,17.2,68.0,1023.0,13422.0,Bristol
"2023-06",17.9,13.9,22.0,23.0,1018.0,15356.0,Bristol
"2023-07",16.6,14.2,19.0,96.0,1011.0,9481.0,Bristol
"2023-08",16.9,14.1,19.9,57.0,1013.6,8801.0,Bristol
"2023-09",17.3,13.6,20.9,55.0,1013.9,8241.0,Bristol
"2023-10",12.9,10.5,15.5,115.0,1006.6,5436.0,Bristol
"2023-11",8.3,6.3,10.3,93.0,1005.0,3780.0,Bristol
"2023-12",8.0,6.2,9.6,135.0,1011.1,1948.0,Bristol
"2024-01",5.3,3.2,7.5,62.0,1017.5,4108.0,Bristol
"2024-02",8.5,6.3,10.6,112.0,1009.3,2395.0,Bristol
"2024-03",8.0,5.5,10.5,87.0,1004.2,4200.0,Bristol
"2024-04",9.8,7.2,12.3,50.0,1013.1,6319.0,Bristol
"2024-05",13.7,10.0,16.9,136.0,1012.8,9166.0,Bristol
"2024-06",14.8,10.5,18.3,13.0,1015.2,11454.0,Bristol
"2025-08",18.7,14.0,23.3,52.0,1016.4,10554.0,London
"2025-09",14.5,11.0,18.2,78.0,1014.7,7911.0,London
"2025-10",12.1,9.3,15.0,84.0,1014.4,4799.0,London
"2025-11",9.2,6.8,11.4,115.0,1010.1,3110.0,London
"2025-12",7.7,5.5,9.6,74.0,1015.0,2783.0,London
"2025-04",10.8,6.4,15.3,19.0,1017.4,11319.0,London
"2025-05",14.4,9.9,18.9,15.0,1018.3,8498.0,London
"2025-06",18.7,13.9,23.5,27.0,1016.5,9242.0,London
"2025-07",19.7,15.2,24.0,48.0,1015.5,10448.0,London
"2021-02",4.3,1.5,7.2,73.0,1013.4,5022.0,Middlesbrough
"2021-03",6.7,3.4,10.4,44.0,1018.6,7614.0,Middlesbrough
"2021-04",5.6,0.2,10.7,23.0,1023.8,15018.0,Middlesbrough
"2021-05",9.2,5.1,13.6,104.0,1008.1,12864.0,Middlesbrough
"2021-06",14.8,10.3,19.3,24.0,1018.7,13704.0,Middlesbrough
"2021-07",16.8,12.6,21.1,79.0,1014.0,12834.0,Middlesbrough
"2021-08",15.2,11.4,19.0,55.0,1015.7,8640.0,Middlesbrough
"2021-09",15.1,11.4,19.1,56.0,1016.7,9192.0,Middlesbrough
"2021-10",11.3,8.2,14.2,90.0,1010.2,6756.0,Middlesbrough
"2021-11",7.4,4.2,10.3,44.0,1014.6,4824.0,Middlesbrough
"2021-12",5.0,2.2,7.5,77.0,1009.6,2472.0,Middlesbrough
"2022-01",4.2,0.3,7.6,15.0,1021.4,6900.0,Middlesbrough
"2021-01",2.2,0.6,3.7,71.0,1009.4,4356.0,Newcastle upon Tyne
"2021-02",3.9,2.0,6.1,53.0,1013.1,3366.0,Newcastle upon Tyne
"2021-03",6.3,3.6,9.2,32.0,1017.8,8556.0,Newcastle upon Tyne
"2021-04",5.0,1.1,8.8,38.0,1023.8,10164.0,Newcastle upon Tyne
"2021-05",8.6,5.1,11.9,46.0,1008.0,9468.0,Newcastle upon Tyne
"2021-06",13.6,9.4,17.5,22.0,1018.6,12354.0,Newcastle upon Tyne
"2021-07",15.9,12.1,19.6,44.0,1014.0,11004.0,Newcastle upon Tyne
"2021-08",14.5,11.0,18.1,49.0,1015.5,8472.0,Newcastle upon Tyne
"2021-09",14.3,11.1,18.0,69.0,1016.3,6996.0,Newcastle upon Tyne
"2021-10",10.7,8.1,13.4,59.0,1009.3,5934.0,Newcastle upon Tyne
"2021-11",7.0,4.9,9.3,62.0,1014.0,3528.0,Newcastle upon Tyne
"2021-12",4.6,2.7,6.5,67.0,1009.2,3630.0,Newcastle upon Tyne
"2022-01",4.5,2.3,6.8,75.0,1020.5,3564.0,Newcastle upon Tyne
"2022-02",5.3,2.9,7.9,62.0,1006.5,5622.0,Newcastle upon Tyne
"2022-03",6.4,3.3,10.1,40.0,1022.5,9648.0,Newcastle upon Tyne
"2022-04",7.6,4.2,10.9,28.0,1016.0,10404.0,Newcastle upon Tyne
"2022-05",11.5,8.0,14.8,31.0,1015.8,11208.0,Newcastle upon Tyne
"2022-07",16.2,11.9,20.4,25.0,1018.7,12594.0,Newcastle upon Tyne
"2022-08",15.8,11.2,20.4,14.0,1017.5,14988.0,Newcastle upon Tyne
"2021-01",2.2,-0.4,4.6,152.0,1009.6,3510.0,Middlesbrough
"2022-02",6.1,3.0,8.9,91.0,1008.0,7518.0,Middlesbrough
"2022-03",6.7,2.3,11.4,56.0,1022.6,11100.0,Middlesbrough
"2022-04",8.1,3.7,12.3,38.0,1016.1,11010.0,Middlesbrough
"2022-06",14.6,10.3,19.1,43.0,1014.4,14658.0,Middlesbrough
"2022-07",17.5,13.2,22.2,46.0,1019.1,11412.0,Middlesbrough
"2022-08",16.9,12.0,21.6,27.0,1017.7,14886.0,Middlesbrough
"2022-09",13.3,9.2,17.3,71.0,1012.7,8220.0,Middlesbrough
"2022-10",11.6,8.1,14.8,82.0,1010.4,8508.0,Middlesbrough
"2022-11",8.1,5.3,10.3,78.0,1003.3,3948.0,Middlesbrough
"2022-12",3.1,0.5,5.7,52.0,1009.0,3096.0,Middlesbrough
"2023-01",4.5,1.7,7.3,50.0,1009.3,5496.0,Middlesbrough
"2023-02",6.4,3.4,9.2,14.0,1025.4,5490.0,Middlesbrough
"2023-03",5.8,2.4,9.0,68.0,1005.4,6690.0,Middlesbrough
"2023-04",7.5,3.7,11.4,64.0,1016.0,9738.0,Middlesbrough
"2023-05",11.7,7.4,16.2,35.0,1023.3,10614.0,Middlesbrough
"2023-06",15.3,10.5,19.8,62.0,1018.6,13458.0,Middlesbrough
"2023-07",15.5,11.8,19.4,119.0,1007.2,11958.0,Middlesbrough
"2023-08",15.3,11.5,19.1,107.0,1011.4,11238.0,Middlesbrough
"2023-09",15.1,11.2,19.2,67.0,1012.3,8268.0,Middlesbrough
"2023-10",10.8,7.6,13.8,103.0,1005.4,4056.0,Middlesbrough
"2023-11",6.5,3.4,9.2,74.0,1001.5,2970.0,Middlesbrough
"2023-12",6.1,3.2,8.3,115.0,1005.7,2418.0,Middlesbrough
"2024-01",4.5,1.9,7.2,90.0,1013.7,3210.0,Middlesbrough
"2024-02",7.4,3.6,10.7,63.0,1005.2,4536.0,Middlesbrough
"2024-03",7.7,4.0,11.0,44.0,1003.4,6582.0,Middlesbrough
"2024-04",9.1,5.3,12.6,90.0,1010.2,7746.0,Middlesbrough
"2024-05",13.6,9.7,17.6,100.0,1012.3,8622.0,Middlesbrough
"2024-06",13.8,9.4,18.0,46.0,1012.5,12876.0,Middlesbrough
"2024-07",15.6,11.5,19.6,63.0,1012.1,11226.0,Middlesbrough
"2024-10",10.8,7.2,14.2,64.0,1012.1,8070.0,Middlesbrough
"2024-11",6.7,3.5,9.6,32.0,1018.0,4356.0,Middlesbrough
"2025-01",2.6,-0.3,5.5,83.0,1009.7,5382.0,Middlesbrough
"2025-02",5.0,2.4,7.8,18.0,1020.3,4194.0,Middlesbrough
"2025-04",9.8,4.3,15.1,7.0,1018.2,14238.0,Middlesbrough
"2025-05",11.9,6.7,16.7,31.0,1018.2,16224.0,Middlesbrough
"2025-06",16.4,11.6,21.2,67.0,1012.9,14964.0,Middlesbrough
"2025-07",17.3,12.7,21.7,75.0,1014.1,12108.0,Middlesbrough
"2025-08",16.9,12.2,21.7,22.0,1014.7,12186.0,Middlesbrough
"2025-09",13.2,8.9,17.6,90.0,1011.8,10482.0,Middlesbrough
"2025-10",11.0,8.1,13.8,60.0,1010.9,6006.0,Middlesbrough
"2025-11",7.7,4.9,9.9,117.0,1006.9,3624.0,Middlesbrough
"2025-12",6.9,4.2,8.8,81.0,1012.2,2526.0,Middlesbrough
"2022-06",14.9,10.1,19.2,58.0,1015.0,12198.0,Manchester
"2022-07",17.7,13.8,21.7,58.0,1020.4,11268.0,Manchester
"2022-08",18.1,13.2,22.6,38.0,1018.1,14070.0,Manchester
"2022-06",15.3,10.6,20.0,33.0,1015.3,13230.0,Nottingham
"2022-07",18.6,13.7,23.6,24.0,1020.3,11394.0,Nottingham
"2022-08",18.6,13.4,23.7,21.0,1018.2,14994.0,Nottingham
"2022-06",15.1,10.9,19.3,66.0,1016.0,13854.0,Plymouth
"2022-07",18.0,13.4,22.8,7.0,1021.8,14454.0,Plymouth
"2022-08",18.8,14.4,23.6,38.0,1018.1,13920.0,Plymouth
"2021-02",5.6,3.0,7.9,62.0,1015.2,4182.0,Brighton
"2021-03",6.9,2.4,10.7,29.0,1022.6,9618.0,Brighton
"2021-04",6.6,1.7,11.2,10.0,1022.6,14046.0,Brighton
"2021-05",10.8,6.8,14.4,98.0,1011.0,12144.0,Brighton
"2021-06",15.8,12.0,19.1,108.0,1018.3,12498.0,Brighton
"2021-07",17.4,14.2,20.6,99.0,1015.0,13860.0,Brighton
"2021-08",16.5,12.9,19.9,52.0,1017.4,11550.0,Brighton
"2021-09",16.4,12.1,20.4,45.0,1018.3,10176.0,Brighton
"2021-10",13.1,9.2,16.1,135.0,1015.7,5982.0,Brighton
"2021-11",8.1,4.9,10.9,11.0,1017.8,4062.0,Brighton
"2021-12",8.1,5.5,9.9,97.0,1013.3,1674.0,Brighton
"2022-01",5.3,1.9,8.6,24.0,1026.3,3870.0,Brighton
"2022-02",7.8,4.2,10.5,53.0,1017.2,5952.0,Brighton
"2022-03",8.5,5.1,11.8,58.0,1021.8,11154.0,Brighton
"2022-04",9.5,5.0,13.8,32.0,1015.9,13782.0,Brighton
"2022-06",15.5,10.9,19.3,46.0,1016.3,16080.0,Brighton
"2022-07",18.8,14.0,22.7,11.0,1021.3,18120.0,Brighton
"2022-08",19.1,14.4,23.6,55.0,1017.9,15876.0,Brighton
"2022-09",14.9,11.0,18.9,114.0,1013.4,10104.0,Brighton
"2022-10",14.6,10.4,17.6,63.0,1015.0,6918.0,Brighton
"2022-11",10.8,7.3,13.4,215.0,1008.4,3474.0,Brighton
"2022-12",4.9,2.2,7.5,96.0,1012.1,2322.0,Brighton
"2023-01",5.8,2.5,8.5,84.0,1015.7,3342.0,Brighton
"2023-02",5.9,2.3,9.3,5.0,1028.8,4338.0,Brighton
"2023-03",7.6,5.3,9.9,97.0,1008.9,4560.0,Brighton
"2023-04",9.0,5.1,12.5,85.0,1016.3,11328.0,Brighton
"2023-05",12.6,8.0,16.9,31.0,1022.2,13134.0,Brighton
"2023-06",17.3,12.8,22.0,35.0,1017.6,17724.0,Brighton
"2023-07",17.1,13.6,20.3,62.0,1012.0,11454.0,Brighton
"2023-08",16.9,13.2,20.5,49.0,1014.0,12948.0,Brighton
"2023-09",17.9,14.0,21.9,45.0,1014.6,11274.0,Brighton
"2023-10",13.7,9.7,17.1,186.0,1007.6,7218.0,Brighton
"2023-11",8.7,5.3,11.6,138.0,1005.3,4056.0,Brighton
"2023-12",8.6,5.8,10.7,94.0,1012.3,1080.0,Brighton
"2024-01",5.2,2.3,7.8,59.0,1017.9,4386.0,Brighton
"2024-02",8.6,5.9,10.8,147.0,1010.5,1602.0,Brighton
"2024-03",8.6,5.6,11.3,95.0,1005.6,5946.0,Brighton
"2024-04",10.0,7.0,13.2,45.0,1014.0,6984.0,Brighton
"2024-05",13.5,9.9,16.7,55.0,1012.9,12372.0,Brighton
"2024-06",14.9,10.0,19.2,17.0,1015.1,14784.0,Brighton
"2024-07",17.1,13.1,20.5,47.0,1014.4,11580.0,Brighton
"2024-08",17.9,13.6,21.6,39.0,1014.7,12168.0,Brighton
"2024-09",15.0,11.3,18.8,131.0,1014.1,7488.0,Brighton
"2024-10",13.0,9.5,15.8,83.0,1014.2,5694.0,Brighton
"2024-11",8.6,5.3,11.4,54.0,1020.3,3078.0,Brighton
"2024-12",7.7,5.4,9.7,39.0,1022.3,1152.0,Brighton
"2025-01",4.5,1.1,7.4,85.0,1013.9,3570.0,Brighton
"2025-02",5.5,2.8,7.9,32.0,1021.7,4020.0,Brighton
"2025-03",7.3,3.0,11.5,6.0,1017.0,12828.0,Brighton
"2025-04",10.8,6.0,15.4,22.0,1017.1,15420.0,Brighton
"2025-05",13.4,8.6,17.9,29.0,1018.3,14430.0,Brighton
"2025-06",17.1,12.8,20.6,16.0,1017.4,19686.0,Brighton
"2025-07",18.5,14.6,22.4,65.0,1015.8,14970.0,Brighton
"2025-08",17.8,13.4,21.7,29.0,1016.7,13638.0,Brighton
"2025-09",14.9,11.6,18.4,77.0,1015.1,9606.0,Brighton
"2025-10",12.5,9.4,15.3,104.0,1014.6,5616.0,Brighton
"2025-11",9.6,6.7,11.9,93.0,1010.3,3924.0,Brighton
"2025-12",7.9,5.3,9.9,93.0,1015.1,3834.0,Brighton
"2021-02",5.6,3.3,7.8,64.0,1015.7,5040.0,Canterbury
"2021-03",7.0,3.8,10.2,30.0,1021.9,7914.0,Canterbury
"2021-04",6.3,3.4,9.6,12.0,1022.7,13350.0,Canterbury
"2021-05",10.5,7.1,14.2,79.0,1010.7,11334.0,Canterbury
"2021-06",16.3,12.7,20.0,84.0,1018.1,13278.0,Canterbury
"2021-07",17.2,13.9,21.2,74.0,1014.8,12372.0,Canterbury
"2021-08",16.7,13.8,20.0,63.0,1016.8,10218.0,Canterbury
"2021-09",16.6,13.2,20.4,44.0,1018.2,10362.0,Canterbury
"2021-10",12.5,9.1,15.4,99.0,1015.5,6078.0,Canterbury
"2021-11",8.3,6.1,10.4,19.0,1016.8,4392.0,Canterbury
"2021-12",7.3,4.9,9.2,93.0,1012.8,1710.0,Canterbury
"2022-01",5.3,2.8,8.0,17.0,1025.5,5466.0,Canterbury
"2022-02",7.4,4.0,10.3,39.0,1015.9,6630.0,Canterbury
"2022-03",7.9,5.4,10.9,22.0,1022.6,10332.0,Canterbury
"2022-04",9.5,6.6,12.7,15.0,1015.7,12606.0,Canterbury
"2022-05",13.3,9.5,17.1,44.0,1018.5,11796.0,Canterbury
"2022-06",15.9,11.7,19.8,38.0,1016.2,15420.0,Canterbury
"2022-07",19.4,14.8,23.9,9.0,1021.0,17532.0,Canterbury
"2022-08",19.8,16.1,23.9,10.0,1017.8,17388.0,Canterbury
"2022-09",15.6,12.7,18.8,60.0,1013.1,9024.0,Canterbury
"2022-10",14.3,11.1,17.3,36.0,1015.4,9348.0,Canterbury
"2022-11",10.1,7.2,12.6,78.0,1008.5,3432.0,Canterbury
"2022-12",5.6,3.2,7.7,47.0,1012.2,3648.0,Canterbury
"2023-01",6.2,3.6,8.5,59.0,1014.9,3990.0,Canterbury
"2023-02",6.5,3.9,9.4,6.0,1028.1,6414.0,Canterbury
"2023-03",7.4,5.0,10.0,72.0,1008.5,5160.0,Canterbury
"2023-04",8.5,5.6,11.5,59.0,1016.4,11454.0,Canterbury
"2023-05",11.9,8.8,15.0,15.0,1022.3,14772.0,Canterbury
"2023-06",16.8,12.9,21.0,23.0,1017.8,16608.0,Canterbury
"2023-07",17.3,13.7,21.2,87.0,1011.4,11046.0,Canterbury
"2023-08",17.3,13.8,21.0,50.0,1013.5,13230.0,Canterbury
"2023-09",18.1,14.4,22.2,23.0,1014.7,10356.0,Canterbury
"2023-10",13.9,10.8,17.6,106.0,1007.6,7740.0,Canterbury
"2023-11",8.3,5.5,10.9,112.0,1004.6,5808.0,Canterbury
"2023-12",8.1,5.8,10.0,62.0,1011.4,2274.0,Canterbury
"2024-01",5.3,2.9,7.7,42.0,1017.3,5298.0,Canterbury
"2024-02",8.6,6.2,11.2,88.0,1009.9,3588.0,Canterbury
"2024-03",8.7,6.2,11.3,55.0,1005.9,6222.0,Canterbury
"2024-04",10.0,7.1,13.2,59.0,1013.4,9462.0,Canterbury
"2024-05",13.3,10.2,16.6,55.0,1012.7,11706.0,Canterbury
"2024-06",15.0,10.9,18.9,12.0,1014.6,14154.0,Canterbury
"2024-07",17.4,13.8,20.9,43.0,1014.1,12066.0,Canterbury
"2024-10",12.7,10.1,15.4,65.0,1014.4,4296.0,Canterbury
"2024-11",8.5,6.3,10.7,39.0,1020.1,3486.0,Canterbury
"2024-12",7.3,5.2,9.4,33.0,1021.4,2250.0,Canterbury
"2025-01",4.2,1.5,6.6,74.0,1013.7,3594.0,Canterbury
"2025-02",5.4,3.2,7.4,48.0,1022.1,4092.0,Canterbury
"2025-04",10.4,7.1,14.1,17.0,1017.8,15846.0,Canterbury
"2025-05",13.4,9.7,17.4,13.0,1018.1,14682.0,Canterbury
"2025-06",17.9,13.6,22.3,61.0,1016.8,17142.0,Canterbury
"2025-07",18.7,15.3,22.5,76.0,1015.3,12756.0,Canterbury
"2025-08",18.3,14.9,21.9,20.0,1016.5,13836.0,Canterbury
"2025-09",15.4,12.4,18.4,55.0,1015.2,9960.0,Canterbury
"2025-10",12.6,10.0,15.2,69.0,1014.3,5040.0,Canterbury
"2025-11",9.7,7.1,11.8,69.0,1010.3,4116.0,Canterbury
"2025-12",8.0,6.0,9.8,50.0,1015.8,3456.0,Canterbury
"2024-04",7.7,4.9,10.2,6.0,1009.8,4366.0,Newcastle upon Tyne
"2024-05",12.3,9.3,15.4,55.0,1012.4,6096.0,Newcastle upon Tyne
"2024-06",12.8,8.6,16.3,174.0,1011.9,8379.0,Newcastle upon Tyne
"2024-07",14.5,10.7,17.9,67.0,1011.7,6500.0,Newcastle upon Tyne
"2024-10",10.3,7.5,13.1,32.0,1011.6,5179.0,Newcastle upon Tyne
"2024-11",7.0,4.8,9.4,68.0,1017.5,3651.0,Newcastle upon Tyne
"2024-12",7.5,5.5,9.2,83.0,1016.9,1632.0,Newcastle upon Tyne
"2025-01",3.5,1.4,5.7,92.0,1009.1,4018.0,Newcastle upon Tyne
"2025-02",5.6,3.6,7.7,6.0,1020.1,2700.0,Newcastle upon Tyne
"2025-03",7.5,4.6,10.7,59.0,1016.1,5770.0,Newcastle upon Tyne
"2025-04",9.6,5.7,13.5,151.0,1018.1,8854.0,Newcastle upon Tyne
"2025-05",11.9,8.0,15.6,72.0,1018.1,9288.0,Newcastle upon Tyne
"2025-06",15.9,12.5,19.0,98.0,1012.2,7585.0,Newcastle upon Tyne
"2025-07",16.9,13.4,20.1,53.0,1013.9,8223.0,Newcastle upon Tyne
"2024-07",16.7,12.7,20.2,69.0,1014.0,8995.0,Bristol
"2024-08",17.3,13.6,20.7,27.0,1013.7,8643.0,Bristol
"2024-09",14.0,11.1,17.1,143.0,1015.7,6920.0,Bristol
"2024-10",11.8,9.3,14.5,102.0,1013.5,5278.0,Bristol
"2024-11",8.0,6.0,10.2,89.0,1019.9,2248.0,Bristol
"2024-12",6.9,5.4,8.6,30.0,1022.7,1919.0,Bristol
"2025-01",3.8,1.8,5.9,139.0,1012.8,3489.0,Bristol
"2025-02",5.2,3.6,7.0,51.0,1020.7,2393.0,Bristol
"2025-03",7.2,4.1,10.5,6.0,1016.7,7157.0,Bristol
"2025-04",10.6,6.6,14.8,16.0,1016.8,10012.0,Bristol
"2025-05",14.7,10.4,18.7,18.0,1018.6,10847.0,Bristol
"2025-06",17.6,14.5,20.7,31.0,1016.7,10322.0,Bristol
"2025-07",19.2,15.6,22.6,36.0,1016.1,14094.0,Bristol
"2022-09",14.4,11.2,18.1,86.0,1013.5,7020.0,London
"2022-10",13.3,10.2,16.4,81.0,1014.7,6891.0,London
"2022-11",9.3,7.2,11.4,124.0,1007.7,3544.0,London
"2022-12",3.8,1.9,5.8,52.0,1012.0,3502.0,London
"2023-01",4.7,2.4,7.1,59.0,1014.9,4183.0,London
"2023-02",5.8,3.4,8.9,4.0,1028.6,4375.0,London
"2023-03",6.9,4.5,9.4,92.0,1008.3,3563.0,London
"2023-04",8.4,4.8,12.1,66.0,1016.5,8381.0,London
"2023-05",12.2,8.1,16.2,38.0,1022.7,10776.0,London
"2023-06",17.5,12.1,22.9,57.0,1017.9,16475.0,London
"2023-07",16.7,12.7,20.3,61.0,1011.1,9808.0,London
"2023-08",16.6,12.7,20.7,53.0,1013.6,9688.0,London
"2023-09",18.1,13.5,22.8,59.0,1014.4,8886.0,London
"2023-10",13.0,10.1,16.5,117.0,1007.2,5145.0,London
"2023-11",7.1,4.7,9.7,78.0,1004.8,3433.0,London
"2023-12",7.3,5.1,9.2,76.0,1011.2,1742.0,London
"2024-01",4.3,1.9,6.9,51.0,1017.4,3533.0,London
"2024-02",8.3,5.6,10.9,100.0,1009.5,2112.0,London
"2024-03",8.5,5.6,11.5,85.0,1005.3,3122.0,London
"2024-04",10.1,6.8,13.4,69.0,1013.3,5618.0,London
"2024-05",14.3,9.8,18.4,54.0,1012.7,6893.0,London
"2024-06",15.3,10.0,19.7,12.0,1014.7,10481.0,London
"2024-07",17.5,12.8,21.6,84.0,1014.0,8131.0,London
"2024-08",18.3,13.7,22.8,28.0,1013.8,9073.0,London
"2024-09",14.4,10.7,18.3,115.0,1015.2,6601.0,London
"2024-10",11.7,8.5,14.8,57.0,1014.1,4352.0,London
"2024-11",7.2,4.9,9.6,62.0,1020.2,2856.0,London
"2024-12",6.5,4.8,8.3,27.0,1022.0,1868.0,London
"2025-01",3.2,1.1,5.4,80.0,1013.3,3713.0,London
"2025-02",4.5,2.5,6.7,44.0,1021.6,2892.0,London
"2025-03",7.3,4.0,11.0,4.0,1017.1,8126.0,London
"2022-05",12.0,8.1,16.1,40.0,1015.7,11550.0,Middlesbrough
"2024-09",,,,126.0,,8004.0,Middlesbrough
"2024-12",7.2,5.0,9.0,59.0,,2400.0,Middlesbrough
"2025-03",7.0,2.4,11.7,15.0,,11478.0,Middlesbrough
"2021-01",2.8,0.8,4.6,133.0,1010.3,2382.0,Leeds
"2021-02",4.6,2.5,7.0,100.0,1013.8,3984.0,Leeds
"2021-03",7.2,4.2,10.4,72.0,1019.7,6498.0,Leeds
"2021-04",5.9,1.0,10.6,16.0,1024.2,12948.0,Leeds
"2021-05",9.8,5.9,13.6,124.0,1008.6,8766.0,Leeds
"2021-06",15.2,10.5,19.7,22.0,1019.0,10350.0,Leeds
"2021-07",17.6,13.4,21.8,106.0,1014.4,11370.0,Leeds
"2021-08",15.7,12.5,19.2,61.0,1016.3,7542.0,Leeds
"2021-09",15.4,12.1,19.2,52.0,1017.3,7920.0,Leeds
"2021-10",11.9,9.1,14.7,93.0,1011.5,5184.0,Leeds
"2021-11",7.5,5.2,9.8,43.0,1015.9,3636.0,Leeds
"2021-12",5.3,3.3,7.3,89.0,1010.5,1698.0,Leeds
"2022-01",4.5,1.9,7.1,38.0,1023.0,4452.0,Leeds
"2022-02",6.8,4.4,9.2,198.0,1010.0,4326.0,Leeds
"2022-03",7.0,3.1,11.3,39.0,1022.9,9738.0,Leeds
"2022-04",8.7,4.5,12.9,31.0,1016.5,10236.0,Leeds
"2022-05",12.9,9.2,16.7,48.0,1017.3,8514.0,Leeds
"2022-07",17.9,13.5,22.3,43.0,1020.0,10290.0,Leeds
"2022-08",17.5,12.6,22.4,18.0,1018.2,13224.0,Leeds
"2021-01",3.0,0.3,5.3,145.0,1010.1,2532.0,Manchester
"2021-02",5.2,2.3,8.1,85.0,1012.7,3972.0,Manchester
"2021-03",7.2,3.6,10.7,68.0,1020.0,5670.0,Manchester
"2021-04",6.9,1.7,11.8,6.0,1023.6,11808.0,Manchester
"2021-05",9.9,5.7,13.9,130.0,1008.4,7554.0,Manchester
"2021-06",15.7,10.8,20.2,22.0,1018.8,10416.0,Manchester
"2021-07",17.6,13.5,21.9,69.0,1014.3,10260.0,Manchester
"2021-08",15.7,12.8,18.8,31.0,1016.4,5952.0,Manchester
"2021-09",15.7,12.1,19.5,46.0,1017.3,7776.0,Manchester
"2021-10",12.1,9.3,14.8,83.0,1011.7,5946.0,Manchester
"2021-11",7.5,4.5,10.2,52.0,1016.5,3198.0,Manchester
"2021-12",6.2,3.9,8.5,102.0,1010.3,1890.0,Manchester
"2022-01",4.8,1.8,7.6,26.0,1023.6,5142.0,Manchester
"2022-02",6.8,4.0,9.2,183.0,1011.2,4824.0,Manchester
"2022-03",8.1,3.7,12.3,46.0,1021.8,9000.0,Manchester
"2022-04",9.2,4.4,13.3,28.0,1016.0,9918.0,Manchester
"2022-05",12.7,9.2,16.4,28.0,1016.8,8298.0,Manchester
"2021-01",3.0,0.7,5.3,90.0,1010.6,3120.0,Nottingham
"2021-02",4.9,2.1,7.9,46.0,1015.5,5016.0,Nottingham
"2021-03",7.3,4.1,10.8,15.0,1019.9,6438.0,Nottingham
"2021-04",6.4,1.3,11.1,5.0,1023.2,13392.0,Nottingham
"2021-05",9.8,6.1,13.8,91.0,1009.8,9408.0,Nottingham
"2021-06",15.6,11.3,19.7,40.0,1018.9,10578.0,Nottingham
"2021-07",17.8,13.8,22.3,83.0,1014.3,10098.0,Nottingham
"2021-08",15.8,12.8,19.3,27.0,1016.5,6222.0,Nottingham
"2021-09",15.7,12.1,20.1,56.0,1017.7,7740.0,Nottingham
"2021-10",11.8,9.0,14.7,73.0,1012.7,5886.0,Nottingham
"2021-11",7.6,5.3,10.0,21.0,1016.6,4740.0,Nottingham
"2021-12",5.8,3.7,7.8,61.0,1011.2,2112.0,Nottingham
"2022-01",4.5,1.9,7.3,20.0,1024.2,6174.0,Nottingham
"2022-02",6.6,3.8,9.4,63.0,1012.1,5136.0,Nottingham
"2022-03",7.3,3.3,11.9,42.0,1022.7,11028.0,Nottingham
"2022-04",9.0,4.6,13.3,14.0,1016.3,11922.0,Nottingham
"2022-05",13.0,9.0,17.3,64.0,1017.3,10386.0,Nottingham
"2021-01",5.6,3.0,7.8,133.0,1012.3,3504.0,Plymouth
"2021-02",6.8,4.5,9.2,110.0,1012.8,4230.0,Plymouth
"2021-03",8.0,4.8,11.3,41.0,1023.1,7212.0,Plymouth
"2021-04",8.0,3.7,12.6,7.0,1022.8,15234.0,Plymouth
"2021-05",10.5,7.2,13.9,116.0,1011.0,10134.0,Plymouth
"2021-06",15.3,11.7,19.1,78.0,1018.9,11478.0,Plymouth
"2021-07",17.4,14.3,21.0,65.0,1015.1,10638.0,Plymouth
"2021-08",16.1,13.2,19.5,36.0,1017.9,8658.0,Plymouth
"2021-09",15.9,12.8,19.6,108.0,1018.2,7386.0,Plymouth
"2021-10",13.1,10.5,15.9,201.0,1015.2,5742.0,Plymouth
"2021-11",9.0,6.3,11.7,61.0,1019.8,3126.0,Plymouth
"2021-12",9.1,7.2,10.6,96.0,1013.0,1848.0,Plymouth
"2022-01",7.1,4.3,9.6,63.0,1027.1,2826.0,Plymouth
"2022-02",8.5,5.6,10.7,109.0,1018.3,3474.0,Plymouth
"2022-03",9.0,6.0,12.3,68.0,1020.1,10104.0,Plymouth
"2022-04",9.9,6.4,14.1,37.0,1016.2,9624.0,Plymouth
"2022-05",12.7,9.2,16.6,45.0,1019.3,10410.0,Plymouth
"2021-01",5.0,3.1,6.7,79.0,1011.7,1764.0,Bristol
"2021-02",6.1,3.9,8.3,63.0,1013.7,3936.0,Bristol
"2021-03",7.9,5.1,11.0,28.0,1022.2,7176.0,Bristol
"2021-04",7.7,3.8,11.5,17.0,1023.5,13488.0,Bristol
"2021-05",11.0,8.0,13.9,98.0,1010.1,9294.0,Bristol
"2021-06",16.0,12.7,19.2,42.0,1018.8,10332.0,Bristol
"2021-07",18.5,15.3,21.7,91.0,1014.8,11604.0,Bristol
"2021-08",16.5,13.9,19.4,30.0,1017.3,7860.0,Bristol
"2021-09",16.5,13.5,19.8,44.0,1018.1,7122.0,Bristol
"2021-10",13.1,10.8,15.3,116.0,1014.4,6096.0,Bristol
"2021-11",8.6,6.4,10.7,12.0,1018.7,4188.0,Bristol
"2021-12",7.9,6.2,9.4,65.0,1012.5,1800.0,Bristol
"2022-01",5.8,3.5,8.2,22.0,1026.2,3990.0,Bristol
"2022-02",8.1,5.8,10.1,43.0,1015.8,4332.0,Bristol
"2022-03",8.6,5.4,12.2,49.0,1021.5,9882.0,Bristol
"2022-04",9.8,6.4,13.5,21.0,1016.5,10224.0,Bristol
"2022-05",13.8,10.9,17.0,58.0,1019.1,10014.0,Bristol
"2022-07",19.0,15.2,22.8,11.0,1021.3,12750.0,Bristol
"2022-08",19.5,15.6,23.6,15.0,1018.3,13500.0,Bristol
"2021-01",3.1,1.0,5.1,97.0,1011.3,1764.0,London
"2021-02",4.8,2.6,7.0,36.0,1015.2,3474.0,London
"2021-03",6.8,3.6,10.3,25.0,1022.0,5484.0,London
"2021-04",6.2,1.9,10.4,7.0,1023.2,12156.0,London
"2021-05",10.4,6.6,13.8,85.0,1010.4,7914.0,London
"2021-06",16.3,12.2,20.6,88.0,1018.3,9576.0,London
"2021-07",17.7,13.8,21.7,61.0,1014.7,10266.0,London
"2021-08",15.9,12.5,19.4,42.0,1017.0,5736.0,London
"2021-09",16.1,12.6,20.0,52.0,1018.2,7440.0,London
"2021-10",11.9,9.1,14.8,88.0,1015.0,5052.0,London
"2021-11",6.9,4.7,9.4,10.0,1017.6,4068.0,London
"2021-12",6.5,4.6,8.2,71.0,1012.8,1266.0,London
"2022-01",4.3,2.0,6.8,17.0,1025.8,4026.0,London
"2022-02",6.8,4.0,9.5,50.0,1015.6,4704.0,London
"2022-03",7.7,4.4,11.5,31.0,1022.4,9432.0,London
"2022-04",9.3,5.2,13.4,16.0,1016.2,10032.0,London
"2022-05",13.5,9.5,17.4,34.0,1018.9,9318.0,London
"2022-07",19.2,13.9,24.7,8.0,1020.9,13266.0,London
"2022-08",19.3,14.4,24.8,54.0,1018.0,14058.0,London
"2021-01",4.2,1.4,6.7,74.0,1011.5,1770.0,Brighton
"2022-05",13.0,8.7,16.6,48.0,1018.9,13488.0,Brighton
"2021-01",4.2,2.1,6.1,120.0,1010.9,2106.0,Canterbury
"2024-08",18.9,14.9,23.2,26.0,1014.2,14622.0,Canterbury
"2024-09",15.6,12.6,18.6,39.0,1013.9,8808.0,Canterbury
"2025-03",7.7,4.5,11.3,5.0,1017.2,13026.0,Canterbury
"2021-01",8.8,5.3,12.3,147.0,1017.5,2640.0,Bilbao
"2021-02",13.0,8.9,17.2,97.0,1016.2,4020.0,Bilbao
"2021-03",11.8,6.9,16.7,40.0,1024.8,8520.0,Bilbao
"2021-04",12.5,7.5,17.5,48.0,1017.3,8820.0,Bilbao
"2021-05",14.9,9.3,20.4,62.0,1017.8,10260.0,Bilbao
"2021-06",18.6,14.1,23.1,116.0,1018.5,8400.0,Bilbao
"2021-07",19.6,15.4,23.9,31.0,1018.1,9540.0,Bilbao
"2021-08",20.0,15.4,24.6,23.0,1018.6,11100.0,Bilbao
"2021-09",20.8,15.6,26.1,79.0,1018.2,10140.0,Bilbao
"2021-10",16.2,10.4,22.1,45.0,1019.5,10800.0,Bilbao
"2021-11",10.7,7.5,14.0,354.0,1019.9,3840.0,Bilbao
"2021-12",12.2,7.7,16.8,241.0,1018.8,6780.0,Bilbao
"2022-01",8.8,3.9,13.7,120.0,1029.3,8940.0,Bilbao
"2022-02",10.1,4.1,16.0,37.0,1026.7,7020.0,Bilbao
"2022-03",12.8,8.7,16.8,123.0,1018.4,5760.0,Bilbao
"2022-04",12.7,8.1,17.3,99.0,1016.2,8460.0,Bilbao
"2022-05",17.7,12.6,22.9,21.0,1019.3,11700.0,Bilbao
"2022-06",20.2,15.2,25.3,51.0,1016.8,9840.0,Bilbao
"2022-07",22.6,16.6,28.6,6.0,1020.1,17160.0,Bilbao
"2022-08",23.3,18.1,28.6,34.0,1016.0,12900.0,Bilbao
"2022-09",20.2,14.5,25.8,107.0,1015.4,9960.0,Bilbao
"2022-10",20.6,15.8,25.5,16.0,1017.7,7680.0,Bilbao
"2022-11",14.0,9.2,18.7,174.0,1017.4,5460.0,Bilbao
"2022-12",12.4,8.6,16.3,63.0,1013.6,3780.0,Bilbao
"2023-01",8.8,4.6,13.0,290.0,1023.8,4500.0,Bilbao
"2023-02",9.2,3.9,14.5,54.0,1027.2,8700.0,Bilbao
"2023-03",14.0,8.4,19.7,32.0,1016.5,8040.0,Bilbao
"2023-04",14.0,8.7,19.4,47.0,1018.2,11460.0,Bilbao
"2023-05",16.5,11.8,21.3,120.0,1019.6,10560.0,Bilbao
"2023-06",21.2,16.6,25.8,76.0,1015.9,10020.0,Bilbao
"2023-07",21.2,16.4,26.0,18.0,1018.1,8460.0,Bilbao
"2023-08",22.4,16.9,27.9,90.0,1018.2,11580.0,Bilbao
"2023-09",22.4,16.5,28.2,95.0,1015.6,10740.0,Bilbao
"2023-10",19.8,14.2,25.5,67.0,1012.1,9540.0,Bilbao
"2023-11",14.1,9.9,18.2,196.0,1016.1,4980.0,Bilbao
"2023-12",11.2,7.0,15.5,158.0,1023.1,5040.0,Bilbao
"2024-01",11.5,7.2,16.0,85.0,1021.6,6300.0,Bilbao
"2024-02",12.1,7.5,16.7,160.0,1019.3,4800.0,Bilbao
"2024-03",13.1,8.1,18.1,72.0,1009.7,7560.0,Bilbao
"2024-04",14.1,8.4,19.7,72.0,1018.7,10440.0,Bilbao
"2024-05",15.3,10.4,20.3,95.0,1016.3,9000.0,Bilbao
"2024-06",18.5,14.1,22.9,78.0,1016.9,7920.0,Bilbao
"2024-07",21.3,16.7,25.9,20.0,1017.2,12000.0,Bilbao
"2024-08",22.1,16.9,27.3,90.0,1017.3,13920.0,Bilbao
"2024-09",18.1,13.3,23.0,192.0,1017.2,12900.0,Bilbao
"2024-10",18.0,13.3,22.7,172.0,1015.2,9000.0,Bilbao
"2024-11",14.8,10.1,19.4,117.0,1021.1,9300.0,Bilbao
"2024-12",10.9,7.3,14.5,160.0,1027.8,4920.0,Bilbao
"2025-01",11.0,6.3,15.8,86.0,1018.8,5940.0,Bilbao
"2025-02",12.1,6.9,17.3,62.0,1021.3,7800.0,Bilbao
"2025-03",12.0,8.0,16.0,141.0,1013.5,6660.0,Bilbao
"2025-04",15.4,10.4,20.4,64.0,1014.2,10680.0,Bilbao
"2025-05",16.4,11.2,21.7,61.0,1017.9,13920.0,Bilbao
"2025-06",21.6,16.4,26.9,58.0,1019.3,13320.0,Bilbao
"2025-07",21.5,17.0,25.9,38.0,1019.2,15420.0,Bilbao
"2025-08",22.8,17.5,28.0,56.0,1017.2,15240.0,Bilbao
"2025-09",19.3,13.8,24.8,56.0,1019.3,12060.0,Bilbao
"2025-10",17.5,11.6,23.3,60.0,1018.1,12060.0,Bilbao
"2025-11",13.6,9.5,17.7,219.0,1016.0,5040.0,Bilbao
"2025-12",11.2,7.1,15.3,78.0,1016.3,5700.0,Bilbao
"2021-01",7.3,3.8,10.7,230.0,1019.0,5820.0,Santiago de Compostela
"2021-02",10.3,6.9,13.8,299.0,1015.2,6180.0,Santiago de Compostela
"2021-03",10.6,4.8,16.4,18.0,1023.5,13140.0,Santiago de Compostela
"2021-04",12.0,6.3,17.6,91.0,1015.1,12060.0,Santiago de Compostela
"2021-05",12.8,7.4,18.1,132.0,1018.2,14460.0,Santiago de Compostela
"2021-06",16.3,11.0,21.7,80.0,1018.2,13920.0,Santiago de Compostela
"2021-07",17.6,12.8,22.5,30.0,1018.2,12360.0,Santiago de Compostela
"2021-08",18.6,12.7,24.5,14.0,1017.5,15120.0,Santiago de Compostela
"2021-09",17.5,12.7,22.3,110.0,1018.1,11160.0,Santiago de Compostela
"2021-10",14.6,9.9,19.2,150.0,1018.8,9600.0,Santiago de Compostela
"2021-11",9.5,5.0,14.0,54.0,1021.4,10500.0,Santiago de Compostela
"2021-12",10.6,7.4,13.9,210.0,1019.9,6480.0,Santiago de Compostela
"2022-01",8.4,3.3,13.5,54.0,1028.4,10320.0,Santiago de Compostela
"2022-02",9.2,4.3,14.1,46.0,1026.6,8460.0,Santiago de Compostela
"2022-03",10.1,5.2,14.9,155.0,1017.2,8220.0,Santiago de Compostela
"2022-04",11.1,5.8,16.4,98.0,1016.2,12180.0,Santiago de Compostela
"2022-05",16.0,10.1,21.9,48.0,1017.9,13560.0,Santiago de Compostela
"2022-06",16.4,12.0,20.9,104.0,1017.0,10260.0,Santiago de Compostela
"2022-07",21.5,14.8,28.2,8.0,1018.2,19620.0,Santiago de Compostela
"2022-08",21.0,15.0,27.1,10.0,1015.3,17220.0,Santiago de Compostela
"2022-09",17.5,12.5,22.5,133.0,1015.4,11100.0,Santiago de Compostela
"2022-10",15.8,12.2,19.5,214.0,1016.2,7020.0,Santiago de Compostela
"2022-11",11.3,7.9,14.7,233.0,1018.3,4980.0,Santiago de Compostela
"2022-12",10.2,7.1,13.4,405.0,1012.4,3900.0,Santiago de Compostela
"2023-01",7.6,4.3,11.0,271.0,1025.0,6240.0,Santiago de Compostela
"2023-02",8.5,2.5,14.5,20.0,1025.5,11400.0,Santiago de Compostela
"2023-03",10.9,7.0,14.9,195.0,1017.4,8460.0,Santiago de Compostela
"2023-04",13.5,7.7,19.2,103.0,1017.7,12780.0,Santiago de Compostela
"2023-05",15.7,10.0,21.3,57.0,1018.9,15780.0,Santiago de Compostela
"2023-06",18.8,13.4,24.1,129.0,1015.3,15600.0,Santiago de Compostela
"2023-07",18.5,13.2,23.8,36.0,1018.4,15360.0,Santiago de Compostela
"2023-08",20.0,14.4,25.6,32.0,1018.5,16260.0,Santiago de Compostela
"2023-09",18.5,13.8,23.2,169.0,1015.3,11340.0,Santiago de Compostela
"2023-10",16.2,12.0,20.5,352.0,1011.7,7500.0,Santiago de Compostela
"2023-11",11.7,8.7,14.7,332.0,1017.4,4380.0,Santiago de Compostela
"2023-12",8.6,5.0,12.3,232.0,1023.5,5520.0,Santiago de Compostela
"2024-01",9.2,5.5,12.8,217.0,1021.4,5640.0,Santiago de Compostela
"2024-02",10.3,6.0,14.6,255.0,1020.4,7800.0,Santiago de Compostela
"2024-03",9.2,5.2,13.3,255.0,1009.7,7320.0,Santiago de Compostela
"2024-04",12.9,7.4,18.5,121.0,1017.5,14880.0,Santiago de Compostela
"2024-05",13.3,8.5,18.0,184.0,1016.4,12240.0,Santiago de Compostela
"2024-06",16.6,12.0,21.2,53.0,1016.2,12780.0,Santiago de Compostela
"2024-07",19.2,13.7,24.7,47.0,1016.6,17820.0,Santiago de Compostela
"2024-08",20.2,14.7,25.7,8.0,1016.8,16200.0,Santiago de Compostela
"2024-09",16.0,11.2,20.7,135.0,1017.4,9420.0,Santiago de Compostela
"2024-10",15.5,12.2,18.9,373.0,1014.7,6360.0,Santiago de Compostela
"2024-11",13.5,9.6,17.4,103.0,1019.9,7140.0,Santiago de Compostela
"2024-12",8.7,4.7,12.7,129.0,1029.2,7140.0,Santiago de Compostela
"2025-01",9.0,5.6,12.5,468.0,1018.6,5700.0,Santiago de Compostela
"2025-02",9.4,5.6,13.2,109.0,1021.0,6000.0,Santiago de Compostela
"2025-03",9.8,5.0,14.7,93.0,1011.4,11100.0,Santiago de Compostela
"2025-04",13.3,7.8,18.7,176.0,1013.2,11040.0,Santiago de Compostela
"2025-05",14.7,9.3,20.2,58.0,1017.4,14700.0,Santiago de Compostela
"2025-06",19.4,13.9,24.9,24.0,1018.3,15720.0,Santiago de Compostela
"2025-07",19.2,14.0,24.3,12.0,1018.7,16920.0,Santiago de Compostela
"2025-08",20.5,14.4,26.7,25.0,1016.7,17160.0,Santiago de Compostela
"2025-09",16.1,10.8,21.3,47.0,1019.7,12180.0,Santiago de Compostela
"2025-10",15.5,10.7,20.3,106.0,1017.6,9540.0,Santiago de Compostela
"2025-11",10.3,6.9,13.6,341.0,1015.9,4140.0,Santiago de Compostela
"2025-12",7.9,4.3,11.5,191.0,1016.4,5220.0,Santiago de Compostela
"2021-01",10.1,4.3,15.8,30.0,1016.0,12120.0,Valencia
"2021-02",13.7,9.2,18.2,13.0,1018.4,8820.0,Valencia
"2021-03",12.5,7.1,17.9,46.0,1022.1,13380.0,Valencia
"2021-04",14.5,10.1,18.8,82.0,1015.7,10020.0,Valencia
"2021-05",19.6,14.5,24.7,23.0,1016.3,17160.0,Valencia
"2021-06",23.3,18.4,28.2,20.0,1016.3,17280.0,Valencia
"2021-07",25.9,20.6,31.2,6.0,1014.2,21300.0,Valencia
"2021-08",26.5,21.9,31.1,40.0,1014.8,16320.0,Valencia
"2021-09",24.0,19.2,28.7,110.0,1016.8,14520.0,Valencia
"2021-10",19.5,14.6,24.5,28.0,1018.6,13800.0,Valencia
"2021-11",13.8,8.9,18.7,57.0,1015.4,10980.0,Valencia
"2021-12",13.2,7.8,18.6,2.0,1019.8,11640.0,Valencia
"2022-01",9.8,3.0,16.6,12.0,1026.6,13680.0,Valencia
"2022-02",12.5,6.2,18.9,9.0,1024.5,12300.0,Valencia
"2022-03",12.9,9.4,16.4,182.0,1018.2,5940.0,Valencia
"2022-04",15.1,10.0,20.2,87.0,1013.9,12360.0,Valencia
"2022-05",20.2,14.1,26.4,155.0,1016.9,20220.0,Valencia
"2022-06",25.8,19.9,31.6,2.0,1014.3,21360.0,Valencia
"2022-07",27.8,22.4,33.1,1.0,1017.0,21060.0,Valencia
"2022-08",28.5,22.7,34.3,25.0,1013.4,20880.0,Valencia
"2022-09",24.9,19.6,30.2,13.0,1013.1,14580.0,Valencia
"2022-10",21.3,16.3,26.3,33.0,1020.0,10500.0,Valencia
"2022-11",16.8,11.4,22.1,211.0,1017.8,11160.0,Valencia
"2022-12",14.2,9.1,19.3,13.0,1015.9,8640.0,Valencia
"2023-01",10.6,4.4,16.8,2.0,1021.4,14100.0,Valencia
"2023-02",9.6,3.6,15.6,28.0,1025.1,10500.0,Valencia
"2023-03",15.9,8.9,22.8,2.0,1016.8,17520.0,Valencia
"2023-04",17.5,10.9,24.1,1.0,1015.2,19140.0,Valencia
"2023-05",19.4,14.3,24.4,42.0,1015.5,16260.0,Valencia
"2023-06",24.5,19.4,29.7,26.0,1014.1,17400.0,Valencia
"2023-07",28.2,23.9,32.4,30.0,1014.5,19200.0,Valencia
"2023-08",28.1,22.6,33.5,16.0,1014.6,20940.0,Valencia
"2023-09",23.8,19.0,28.5,163.0,1016.2,15000.0,Valencia
"2023-10",21.5,16.1,26.9,2.0,1014.8,14040.0,Valencia
"2023-11",17.2,11.1,23.4,1.0,1015.7,14160.0,Valencia
"2023-12",12.2,5.4,19.1,3.0,1022.0,12300.0,Valencia
"2024-01",13.3,8.0,18.6,11.0,1022.0,9300.0,Valencia
"2024-02",14.0,7.8,20.2,5.0,1018.5,11940.0,Valencia
"2024-03",14.7,9.1,20.2,24.0,1011.7,12300.0,Valencia
"2024-04",16.9,10.6,23.1,8.0,1017.0,17040.0,Valencia
"2024-05",20.5,14.8,26.2,4.0,1013.8,20220.0,Valencia
"2024-06",23.8,19.2,28.5,27.0,1013.8,18660.0,Valencia
"2024-07",27.3,22.3,32.2,11.0,1014.2,21480.0,Valencia
"2024-08",27.9,23.1,32.7,1.0,1013.7,19260.0,Valencia
"2024-09",23.8,18.9,28.7,40.0,1014.3,13980.0,Valencia
"2024-10",20.8,15.8,25.8,62.0,1015.2,12180.0,Valencia
"2024-11",16.8,12.2,21.4,34.0,1021.0,9780.0,Valencia
"2024-12",12.1,6.1,18.1,11.0,1025.4,12060.0,Valencia
"2025-01",12.7,7.3,18.1,22.0,1020.1,11640.0,Valencia
"2025-02",12.5,6.4,18.6,8.0,1021.6,11520.0,Valencia
"2025-03",13.7,9.5,17.8,104.0,1012.7,8520.0,Valencia
"2025-04",17.2,11.7,22.7,12.0,1014.3,15180.0,Valencia
"2025-05",20.5,14.9,26.2,27.0,1015.3,18780.0,Valencia
"2025-06",26.7,21.0,32.3,10.0,1017.3,19500.0,Valencia
"2025-07",27.9,23.0,32.9,20.0,1014.7,20880.0,Valencia
"2025-08",28.5,23.0,34.1,1.0,1014.5,18900.0,Valencia
"2025-09",24.7,19.5,29.8,133.0,1017.0,15360.0,Valencia
"2025-10",20.4,15.6,25.3,168.0,1017.4,12960.0,Valencia
"2025-11",14.9,9.3,20.4,5.0,1016.7,13620.0,Valencia
"2025-12",12.2,7.6,16.7,164.0,1016.8,7860.0,Valencia
"2021-01",8.6,4.9,13.0,44.0,1014.5,7635.0,Barcelona
"2021-02",12.5,9.4,15.9,28.0,1018.5,8910.0,Barcelona
"2021-03",12.1,8.4,15.6,10.0,1022.0,10245.0,Barcelona
"2021-04",14.1,10.7,17.5,28.0,1016.3,10380.0,Barcelona
"2021-05",17.9,14.8,21.2,20.0,1016.4,14940.0,Barcelona
"2021-06",23.8,20.7,27.2,3.0,1016.6,16080.0,Barcelona
"2021-07",25.5,22.1,28.7,2.0,1014.8,18720.0,Barcelona
"2021-08",25.5,22.3,28.8,8.0,1015.5,13560.0,Barcelona
"2021-09",23.8,20.0,27.4,39.0,1017.3,11220.0,Barcelona
"2021-10",18.7,14.5,23.0,38.0,1019.0,11460.0,Barcelona
"2021-11",12.7,8.6,17.1,120.0,1014.4,6180.0,Barcelona
"2021-12",11.5,7.3,16.5,1.0,1018.2,6960.0,Barcelona
"2022-01",9.5,4.5,14.5,14.0,1025.7,8640.0,Barcelona
"2022-02",12.0,7.6,16.3,5.0,1023.9,9480.0,Barcelona
"2022-03",13.0,10.0,15.9,62.0,1019.5,4980.0,Barcelona
"2022-04",14.8,10.7,18.8,27.0,1013.1,11640.0,Barcelona
"2022-05",20.5,16.6,24.3,26.0,1017.1,17220.0,Barcelona
"2022-06",24.8,21.3,28.2,5.0,1014.9,17880.0,Barcelona
"2022-07",27.0,23.4,30.6,4.0,1017.4,19140.0,Barcelona
"2022-08",27.3,23.1,31.5,82.0,1013.7,18120.0,Barcelona
"2022-09",24.0,20.2,27.8,15.0,1013.5,12360.0,Barcelona
"2022-10",21.2,17.4,24.8,36.0,1020.4,11160.0,Barcelona
"2022-11",16.2,12.1,20.2,29.0,1016.6,6900.0,Barcelona
"2022-12",12.6,8.5,16.6,27.0,1015.3,5700.0,Barcelona
"2023-01",9.5,5.0,14.0,2.0,1019.9,7740.0,Barcelona
"2023-02",9.6,5.2,14.0,44.0,1024.7,10200.0,Barcelona
"2023-03",13.9,9.5,18.2,1.0,1016.3,14940.0,Barcelona
"2023-04",15.4,11.4,19.4,5.0,1015.2,17820.0,Barcelona
"2023-05",18.3,14.7,21.8,23.0,1015.7,14520.0,Barcelona
"2023-06",23.4,20.1,26.8,8.0,1014.4,14160.0,Barcelona
"2023-07",26.3,23.5,29.2,2.0,1015.2,17580.0,Barcelona
"2023-08",26.3,22.8,29.8,63.0,1014.9,17220.0,Barcelona
"2023-09",23.5,20.0,27.0,39.0,1016.6,14940.0,Barcelona
"2023-10",20.9,17.2,24.5,86.0,1014.1,12360.0,Barcelona
"2023-11",15.0,11.0,18.9,1.0,1014.0,7080.0,Barcelona
"2023-12",11.2,6.6,15.9,1.0,1019.5,6720.0,Barcelona
"2024-01",11.3,7.2,15.3,24.0,1020.8,6660.0,Barcelona
"2024-02",12.8,8.6,17.0,10.0,1016.9,9420.0,Barcelona
"2024-03",13.5,9.8,17.1,60.0,1010.8,12360.0,Barcelona
"2024-04",14.9,11.4,18.5,93.0,1017.0,13200.0,Barcelona
"2024-05",18.2,14.6,21.7,22.0,1014.0,16860.0,Barcelona
"2024-06",21.8,18.7,25.0,72.0,1014.3,14400.0,Barcelona
"2024-07",25.3,21.9,28.7,15.0,1014.7,19200.0,Barcelona
"2024-08",26.7,23.2,30.2,10.0,1014.2,17460.0,Barcelona
"2024-09",21.6,17.6,25.5,99.0,1014.4,12120.0,Barcelona
"2024-10",19.5,15.9,23.1,116.0,1015.7,9120.0,Barcelona
"2024-11",16.0,12.4,19.6,175.0,1020.9,6060.0,Barcelona
"2024-12",11.3,7.0,15.7,41.0,1024.1,6660.0,Barcelona
"2025-01",11.3,6.8,15.8,7.0,1018.6,7500.0,Barcelona
"2025-02",11.5,7.9,15.0,46.0,1021.7,6540.0,Barcelona
"2025-03",12.7,9.7,15.8,87.0,1013.0,8700.0,Barcelona
"2025-04",15.6,12.0,19.2,26.0,1014.6,14640.0,Barcelona
"2025-05",18.7,15.0,22.4,54.0,1015.6,17640.0,Barcelona
"2025-06",25.6,22.2,29.0,1.0,1017.7,18300.0,Barcelona
"2025-07",26.2,22.7,29.6,51.0,1015.2,16260.0,Barcelona
"2025-08",26.8,23.0,30.5,84.0,1014.9,16740.0,Barcelona
"2025-09",22.9,19.3,26.5,42.0,1017.7,13260.0,Barcelona
"2025-10",19.6,15.7,23.5,33.0,1017.5,11160.0,Barcelona
"2025-11",14.2,9.8,18.6,26.0,1015.1,8040.0,Barcelona
"2025-12",11.8,8.3,15.4,120.0,1016.2,3960.0,Barcelona
"2021-01",10.3,5.6,15.0,84.0,1019.7,10620.0,Seville
"2021-02",14.0,9.2,18.7,45.0,1019.0,7740.0,Seville
"2021-03",15.3,8.9,21.7,18.0,1019.8,15960.0,Seville
"2021-04",18.2,12.4,24.0,33.0,1013.9,13620.0,Seville
"2021-05",21.4,13.6,29.2,9.0,1016.3,21120.0,Seville
"2021-06",24.6,17.0,32.2,6.0,1015.6,20880.0,Seville
"2021-07",28.5,20.0,37.0,1.0,1014.0,23640.0,Seville
"2021-08",28.6,20.6,36.7,1.0,1013.8,22140.0,Seville
"2021-09",25.2,18.6,31.7,30.0,1016.0,16800.0,Seville
"2021-10",21.7,14.6,28.6,5.0,1018.0,16800.0,Seville
"2021-11",13.3,7.7,19.0,30.0,1017.7,13680.0,Seville
"2021-12",13.2,8.0,18.3,139.0,1022.4,11400.0,Seville
"2022-01",11.5,5.8,17.2,1.0,1025.9,14700.0,Seville
"2022-02",13.8,7.2,20.4,2.0,1023.9,13320.0,Seville
"2022-03",14.1,9.6,18.6,98.0,1015.6,9180.0,Seville
"2022-04",15.8,9.7,22.0,63.0,1014.5,15720.0,Seville
"2022-05",23.1,15.0,31.2,6.0,1015.8,20580.0,Seville
"2022-06",26.0,17.9,34.2,0.0,1014.6,21900.0,Seville
"2022-07",30.6,21.8,39.4,0.0,1014.4,23160.0,Seville
"2022-08",28.1,20.7,35.5,2.0,1012.8,21180.0,Seville
"2022-09",24.8,18.0,31.6,6.0,1014.0,18300.0,Seville
"2022-10",22.8,16.5,29.1,31.0,1017.9,12960.0,Seville
"2022-11",16.5,11.3,21.7,21.0,1020.6,10500.0,Seville
"2022-12",14.0,9.9,18.2,134.0,1016.9,8460.0,Seville
"2023-01",10.4,5.2,15.6,19.0,1024.5,12900.0,Seville
"2023-02",12.1,6.0,18.3,3.0,1022.0,12960.0,Seville
"2023-03",16.0,8.6,23.5,9.0,1019.1,16740.0,Seville
"2023-04",21.0,12.4,29.5,2.0,1015.0,19620.0,Seville
"2023-05",22.0,15.1,28.9,56.0,1014.5,17880.0,Seville
"2023-06",26.3,19.4,33.2,30.0,1012.8,19500.0,Seville
"2023-07",29.4,21.2,37.6,0.0,1014.2,24120.0,Seville
"2023-08",29.9,21.0,38.8,0.0,1013.7,22440.0,Seville
"2023-09",24.0,17.9,30.1,41.0,1015.0,16860.0,Seville
"2023-10",22.0,16.0,28.0,111.0,1015.1,12900.0,Seville
"2023-11",15.6,10.2,21.1,43.0,1019.8,12720.0,Seville
"2023-12",10.8,5.7,16.0,11.0,1024.5,11760.0,Seville
"2024-01",12.3,7.1,17.5,40.0,1023.2,11400.0,Seville
"2024-02",13.6,8.2,18.9,103.0,1022.0,11940.0,Seville
"2024-03",14.7,9.4,20.0,165.0,1012.7,9120.0,Seville
"2024-04",17.9,10.8,24.9,9.0,1016.7,17460.0,Seville
"2024-05",21.2,12.7,29.7,1.0,1014.2,22380.0,Seville
"2024-06",24.4,17.4,31.4,13.0,1013.6,18300.0,Seville
"2024-07",28.3,19.9,36.7,2.0,1013.3,23340.0,Seville
"2024-08",29.3,21.6,37.0,0.0,1012.3,22080.0,Seville
"2024-09",24.0,17.4,30.6,2.0,1014.2,16740.0,Seville
"2024-10",19.8,15.2,24.4,224.0,1016.0,10380.0,Seville
"2024-11",17.0,12.3,21.6,17.0,1019.7,10440.0,Seville
"2024-12",12.1,6.3,17.8,4.0,1026.2,13620.0,Seville
"2025-01",12.1,7.0,17.2,131.0,1023.0,10500.0,Seville
"2025-02",12.8,6.9,18.7,12.0,1022.0,9660.0,Seville
"2025-03",14.3,9.6,19.0,256.0,1011.8,9600.0,Seville
"2025-04",18.1,12.1,24.1,44.0,1014.1,11100.0,Seville
"2025-05",22.1,14.4,29.9,10.0,1015.2,19440.0,Seville
"2025-06",28.7,20.7,36.7,1.0,1015.7,19440.0,Seville
"2025-07",29.6,21.7,37.4,0.0,1013.8,23400.0,Seville
"2025-08",29.9,21.9,37.9,1.0,1013.6,21780.0,Seville
"2025-09",26.2,18.2,34.1,4.0,1016.4,18420.0,Seville
"2025-10",23.4,16.9,29.9,132.0,1016.8,14460.0,Seville
"2025-11",15.5,10.1,20.9,95.0,1018.3,12900.0,Seville
"2025-12",12.0,7.3,16.6,112.0,1017.4,7560.0,Seville
"2021-01",12.4,7.9,17.0,152.0,1018.7,10800.0,Malaga
"2021-02",14.7,10.4,19.0,13.0,1019.3,9120.0,Malaga
"2021-03",14.8,9.9,19.7,31.0,1020.3,13980.0,Malaga
"2021-04",17.5,13.6,21.4,61.0,1014.6,10980.0,Malaga
"2021-05",20.3,15.5,25.1,42.0,1016.7,17940.0,Malaga
"2021-06",23.8,18.9,28.8,2.0,1015.9,19620.0,Malaga
"2021-07",27.2,22.1,32.4,0.0,1014.4,21480.0,Malaga
"2021-08",27.5,23.0,32.0,0.0,1014.1,17520.0,Malaga
"2021-09",24.9,20.5,29.3,9.0,1016.2,16020.0,Malaga
"2021-10",21.0,16.3,25.8,1.0,1018.8,15540.0,Malaga
"2021-11",15.4,10.3,20.4,6.0,1016.7,12720.0,Malaga
"2021-12",14.7,10.7,18.8,37.0,1022.0,9480.0,Malaga
"2022-01",13.2,9.0,17.3,6.0,1026.2,9660.0,Malaga
"2022-02",14.9,10.3,19.4,2.0,1024.3,9900.0,Malaga
"2022-03",14.9,10.9,18.9,222.0,1015.7,7560.0,Malaga
"2022-04",17.0,12.1,21.9,21.0,1014.2,14880.0,Malaga
"2022-05",21.7,16.3,27.1,12.0,1016.5,20580.0,Malaga
"2022-06",26.1,20.5,31.7,0.0,1014.5,21000.0,Malaga
"2022-07",26.8,22.1,31.5,1.0,1016.4,21240.0,Malaga
"2022-08",27.6,22.9,32.3,2.0,1013.4,19920.0,Malaga
"2022-09",25.8,20.5,31.0,2.0,1013.7,16680.0,Malaga
"2022-10",21.8,17.1,26.4,2.0,1019.4,11220.0,Malaga
"2022-11",18.0,13.0,22.9,9.0,1020.0,11640.0,Malaga
"2022-12",15.1,10.5,19.6,137.0,1017.6,8700.0,Malaga
"2023-01",13.1,8.3,17.8,12.0,1023.7,12060.0,Malaga
"2023-02",12.8,8.2,17.4,55.0,1022.9,10680.0,Malaga
"2023-03",16.8,10.7,23.0,7.0,1019.0,16620.0,Malaga
"2023-04",19.2,13.4,25.0,1.0,1015.7,17760.0,Malaga
"2023-05",20.5,16.1,24.8,64.0,1015.1,15960.0,Malaga
"2023-06",24.8,20.2,29.3,9.0,1013.9,18120.0,Malaga
"2023-07",29.4,24.6,34.3,0.0,1014.2,21060.0,Malaga
"2023-08",28.8,24.2,33.5,0.0,1014.6,19800.0,Malaga
"2023-09",24.9,20.6,29.1,4.0,1015.9,15720.0,Malaga
"2023-10",21.3,16.7,25.9,24.0,1016.4,13080.0,Malaga
"2023-11",17.6,12.2,22.8,1.0,1018.9,13620.0,Malaga
"2023-12",13.7,8.5,18.8,4.0,1023.8,11280.0,Malaga
"2024-01",14.1,9.4,18.8,21.0,1023.8,8640.0,Malaga
"2024-02",15.3,10.5,20.1,28.0,1021.9,11100.0,Malaga
"2024-03",15.8,11.3,20.3,143.0,1013.4,10200.0,Malaga
"2024-04",18.1,12.7,23.4,10.0,1017.4,16680.0,Malaga
"2024-05",20.8,15.9,25.6,1.0,1014.7,20460.0,Malaga
"2024-06",24.3,19.6,29.0,10.0,1014.0,19920.0,Malaga
"2024-07",27.0,22.1,31.9,1.0,1013.8,21240.0,Malaga
"2024-08",28.7,24.5,32.9,1.0,1013.0,19860.0,Malaga
"2024-09",25.4,21.3,29.6,9.0,1014.4,15840.0,Malaga
"2024-10",21.6,17.5,25.6,130.0,1015.8,11340.0,Malaga
"2024-11",18.2,14.4,22.0,74.0,1020.3,8640.0,Malaga
"2024-12",14.0,9.0,18.9,57.0,1026.0,10500.0,Malaga
"2025-01",13.3,8.0,18.7,29.0,1022.5,11160.0,Malaga
"2025-02",13.9,8.9,18.9,78.0,1022.0,11520.0,Malaga
"2025-03",15.3,11.1,19.5,228.0,1012.2,8940.0,Malaga
"2025-04",18.2,13.4,23.1,29.0,1014.7,14040.0,Malaga
"2025-05",21.2,16.0,26.5,1.0,1015.7,19620.0,Malaga
"2025-06",26.2,21.2,31.1,1.0,1017.1,18420.0,Malaga
"2025-07",27.5,22.5,32.4,0.0,1014.6,22620.0,Malaga
"2025-08",28.0,22.8,33.2,0.0,1014.7,19740.0,Malaga
"2025-09",24.8,20.0,29.6,1.0,1017.1,15840.0,Malaga
"2025-10",22.6,18.2,27.0,39.0,1017.8,13920.0,Malaga
"2025-11",16.3,11.5,21.1,64.0,1018.1,11820.0,Malaga
"2025-12",12.9,8.6,17.3,125.0,1017.0,7860.0,Malaga
"2021-01",3.2,-1.7,8.1,52.0,1019.6,9000.0,Madrid
"2021-02",9.3,4.0,14.6,40.0,1018.4,7980.0,Madrid
"2021-03",9.9,3.0,16.9,3.0,1022.1,13620.0,Madrid
"2021-04",12.6,6.8,18.5,73.0,1014.1,10140.0,Madrid
"2021-05",17.6,10.0,25.2,24.0,1014.7,17040.0,Madrid
"2021-06",22.4,15.0,29.8,19.0,1013.7,17520.0,Madrid
"2021-07",25.0,16.3,33.7,4.0,1012.2,23160.0,Madrid
"2021-08",26.2,17.6,34.8,24.0,1012.0,21120.0,Madrid
"2021-09",20.4,14.2,26.6,57.0,1016.3,12360.0,Madrid
"2021-10",15.4,8.2,22.7,81.0,1018.6,14340.0,Madrid
"2021-11",8.2,2.4,14.0,15.0,1018.1,11400.0,Madrid
"2021-12",8.0,2.4,13.5,24.0,1022.2,9600.0,Madrid
"2022-01",5.4,-2.0,12.8,12.0,1028.9,13080.0,Madrid
"2022-02",8.6,1.1,16.2,9.0,1025.6,12120.0,Madrid
"2022-03",9.8,5.6,14.0,80.0,1017.4,4800.0,Madrid
"2022-04",12.1,5.8,18.5,43.0,1013.9,12960.0,Madrid
"2022-05",19.7,11.6,27.9,1.0,1015.0,19560.0,Madrid
"2022-06",24.2,16.4,32.1,1.0,1012.4,19920.0,Madrid
"2022-07",28.8,20.0,37.7,1.0,1013.3,24000.0,Madrid
"2022-08",27.3,19.4,35.2,1.0,1011.1,20400.0,Madrid
"2022-09",21.2,14.2,28.2,47.0,1012.9,15000.0,Madrid
"2022-10",18.2,11.7,24.8,26.0,1018.9,10440.0,Madrid
"2022-11",11.5,6.3,16.6,30.0,1019.7,8400.0,Madrid
"2022-12",9.2,5.6,12.8,138.0,1016.8,4620.0,Madrid
"2023-01",5.9,0.4,11.4,10.0,1024.2,11640.0,Madrid
"2023-02",6.6,-0.9,14.1,2.0,1025.4,11760.0,Madrid
"2023-03",11.8,4.5,19.1,16.0,1018.1,15540.0,Madrid
"2023-04",16.4,7.6,25.1,11.0,1014.7,18660.0,Madrid
"2023-05",17.9,10.7,25.1,80.0,1014.7,15780.0,Madrid
"2023-06",23.3,16.4,30.1,36.0,1012.1,16800.0,Madrid
"2023-07",27.6,19.2,36.0,0.0,1012.0,23100.0,Madrid
"2023-08",27.5,19.0,36.0,0.0,1012.9,21660.0,Madrid
"2023-09",20.6,14.6,26.6,151.0,1015.2,13200.0,Madrid
"2023-10",17.6,11.7,23.5,146.0,1014.5,10920.0,Madrid
"2023-11",11.4,6.7,16.0,62.0,1018.4,8820.0,Madrid
"2023-12",6.5,0.9,12.0,25.0,1025.5,9540.0,Madrid
"2024-01",7.8,2.9,12.7,58.0,1023.9,8160.0,Madrid
"2024-02",9.5,3.8,15.1,21.0,1020.8,9240.0,Madrid
"2024-03",10.7,4.8,16.6,48.0,1011.2,9960.0,Madrid
"2024-04",13.8,5.9,21.7,10.0,1016.5,16320.0,Madrid
"2024-05",17.6,9.4,25.7,10.0,1012.7,18480.0,Madrid
"2024-06",22.2,14.8,29.7,38.0,1011.8,16380.0,Madrid
"2024-07",27.6,18.8,36.3,0.0,1011.2,23640.0,Madrid
"2024-08",28.1,19.8,36.3,12.0,1010.8,19620.0,Madrid
"2024-09",20.4,13.3,27.4,26.0,1013.7,16020.0,Madrid
"2024-10",16.5,11.3,21.6,136.0,1015.4,8160.0,Madrid
"2024-11",11.9,6.6,17.1,10.0,1022.0,7740.0,Madrid
"2024-12",7.0,0.6,13.5,1.0,1028.3,11580.0,Madrid
"2025-01",7.3,2.3,12.4,34.0,1022.1,8400.0,Madrid
"2025-02",8.5,1.7,15.2,24.0,1022.3,9960.0,Madrid
"2025-03",9.2,4.4,13.9,183.0,1012.3,6360.0,Madrid
"2025-04",13.8,7.7,19.8,88.0,1013.3,12300.0,Madrid
"2025-05",17.1,10.3,24.1,68.0,1014.6,17400.0,Madrid
"2025-06",26.1,17.5,34.7,1.0,1014.6,18780.0,Madrid
"2025-07",26.4,17.9,34.9,6.0,1012.5,23160.0,Madrid
"2025-08",27.6,19.2,35.9,1.0,1012.4,18660.0,Madrid
"2025-09",21.3,13.6,29.0,2.0,1016.3,16320.0,Madrid
"2025-10",17.5,11.0,24.0,19.0,1017.2,11520.0,Madrid
"2025-11",9.6,4.3,14.9,39.0,1018.3,9480.0,Madrid
"2025-12",7.4,3.5,11.4,32.0,1017.9,5760.0,Madrid
"2021-01",7.0,3.0,10.9,38.0,1017.0,10020.0,Zaragoza
"2021-02",11.6,7.0,16.2,21.0,1018.0,9420.0,Zaragoza
"2021-03",12.0,6.7,17.3,1.0,1023.0,16200.0,Zaragoza
"2021-04",13.7,8.5,18.9,41.0,1015.7,13380.0,Zaragoza
"2021-05",18.6,12.2,24.9,31.0,1015.8,17940.0,Zaragoza
"2021-06",23.2,16.8,29.7,34.0,1015.6,19380.0,Zaragoza
"2021-07",25.8,19.0,32.7,4.0,1013.8,21180.0,Zaragoza
"2021-08",25.8,19.1,32.5,17.0,1014.4,20820.0,Zaragoza
"2021-09",22.2,16.9,27.5,52.0,1017.0,14340.0,Zaragoza
"2021-10",16.4,10.7,22.1,21.0,1019.1,14760.0,Zaragoza
"2021-11",10.2,6.6,13.7,71.0,1017.2,11640.0,Zaragoza
"2021-12",7.6,4.9,10.3,10.0,1021.2,4440.0,Zaragoza
"2022-01",6.3,1.0,11.6,7.0,1028.5,14160.0,Zaragoza
"2022-02",10.4,5.0,15.8,1.0,1025.4,13080.0,Zaragoza
"2022-03",11.1,7.4,14.8,34.0,1019.3,7080.0,Zaragoza
"2022-04",14.1,8.8,19.3,31.0,1014.1,15360.0,Zaragoza
"2022-05",21.5,14.8,28.2,14.0,1016.2,19920.0,Zaragoza
"2022-06",26.7,19.5,33.9,9.0,1013.1,20760.0,Zaragoza
"2022-07",28.0,20.6,35.5,8.0,1016.1,23580.0,Zaragoza
"2022-08",28.2,21.3,35.0,26.0,1012.8,19740.0,Zaragoza
"2022-09",22.6,16.9,28.3,12.0,1013.5,16080.0,Zaragoza
"2022-10",20.3,14.9,25.6,6.0,1019.3,10980.0,Zaragoza
"2022-11",12.7,8.2,17.2,30.0,1018.5,8220.0,Zaragoza
"2022-12",9.2,5.4,13.0,36.0,1016.5,7500.0,Zaragoza
"2023-01",6.8,2.8,10.8,7.0,1022.8,11100.0,Zaragoza
"2023-02",7.4,1.8,13.1,8.0,1027.1,13140.0,Zaragoza
"2023-03",14.7,8.3,21.1,1.0,1016.5,16440.0,Zaragoza
"2023-04",17.3,10.6,24.0,6.0,1015.4,18480.0,Zaragoza
"2023-05",19.5,13.5,25.5,6.0,1015.9,20340.0,Zaragoza
"2023-06",24.2,18.2,30.3,73.0,1013.8,17340.0,Zaragoza
"2023-07",26.7,19.8,33.6,37.0,1014.3,21960.0,Zaragoza
"2023-08",27.5,20.7,34.3,1.0,1014.5,22200.0,Zaragoza
"2023-09",23.3,17.3,29.3,49.0,1015.6,15120.0,Zaragoza
"2023-10",20.2,14.8,25.6,42.0,1013.7,12780.0,Zaragoza
"2023-11",13.8,8.9,18.7,25.0,1015.9,12060.0,Zaragoza
"2023-12",8.6,4.5,12.8,9.0,1023.6,11340.0,Zaragoza
"2024-01",7.8,3.5,12.2,30.0,1022.9,8880.0,Zaragoza
"2024-02",10.9,5.9,15.8,29.0,1019.1,10620.0,Zaragoza
"2024-03",13.2,7.2,19.2,50.0,1010.6,12900.0,Zaragoza
"2024-04",15.4,9.2,21.5,9.0,1017.1,17220.0,Zaragoza
"2024-05",18.8,12.4,25.2,6.0,1013.8,18900.0,Zaragoza
"2022-05",12.4,9.4,15.3,,1016.2,9420.0,Sunderland
"2022-07",17.3,14.0,20.4,,1019.0,8138.0,Sunderland
"2023-01",6.6,4.8,8.5,,1008.5,3962.0,Sunderland
"2023-02",7.8,5.8,9.9,,1024.9,3412.0,Sunderland
"2023-03",6.8,4.4,9.2,,1005.4,5041.0,Sunderland
"2023-04",8.2,5.6,11.0,,1016.4,7932.0,Sunderland
"2023-05",11.7,8.4,14.9,,1023.6,9420.0,Sunderland
"2023-06",15.6,11.7,19.0,,1018.9,10585.0,Sunderland
"2025-01",4.7,2.7,6.6,,1009.4,3962.0,Sunderland
"2025-02",6.5,4.8,8.3,,1020.4,3412.0,Sunderland
"2025-03",7.8,5.2,10.7,,1016.4,5041.0,Sunderland
"2025-04",9.7,6.3,13.2,,1018.4,7932.0,Sunderland
"2025-05",11.9,8.6,15.1,,1018.4,9420.0,Sunderland
"2025-06",16.0,13.0,19.0,,1012.6,10585.0,Sunderland
"2025-07",17.1,14.2,20.0,,1014.1,8138.0,Sunderland
"2022-06",14.8,11.7,17.9,,1017.6,10585.0,Sunderland
"2022-10",13.2,11.1,15.3,75.0,1010.0,5660.0,Sunderland
"2022-11",10.2,8.3,11.8,90.0,1003.0,2639.0,Sunderland
"2022-12",5.3,3.7,7.1,67.0,1008.8,2602.0,Sunderland
"2023-08",16.0,13.3,18.7,27.0,1011.3,9063.0,Sunderland
"2023-09",15.3,12.4,18.1,84.0,1012.2,7886.0,Sunderland
"2023-10",11.4,9.2,13.6,75.0,1005.4,4596.0,Sunderland
"2023-11",7.6,5.5,9.3,90.0,1001.3,3098.0,Sunderland
"2023-12",7.0,5.3,8.6,67.0,1005.3,2411.0,Sunderland
"2024-08",16.2,12.9,19.2,27.0,1009.2,9297.0,Sunderland
"2024-09",12.8,10.2,15.3,84.0,1016.3,7745.0,Sunderland
"2024-10",11.3,9.1,13.5,75.0,1011.9,6553.0,Sunderland
"2024-11",8.2,6.3,10.2,90.0,1017.8,3424.0,Sunderland
"2024-12",8.3,6.5,9.9,67.0,1017.3,1622.0,Sunderland
"2025-08",16.9,14.2,20.2,27.0,1014.5,10159.0,Sunderland
"2025-09",14.0,11.6,16.9,84.0,1011.5,9575.0,Sunderland
"2025-10",11.7,9.8,13.8,75.0,1010.6,6470.0,Sunderland
"2025-11",8.7,7.0,10.2,90.0,1008.6,3216.0,Sunderland
"2025-12",8.4,6.6,9.9,67.0,1012.2,2447.0,Sunderland
"2025-08",17.3,13.3,21.7,23.0,1015.4,9207.0,Leeds
"2025-09",13.2,9.6,17.2,76.0,1012.6,6895.0,Leeds
"2022-10",13.9,11.3,16.5,111.0,1013.4,6564.0,Bristol
"2022-11",10.2,8.2,12.1,132.0,1006.6,4200.0,Bristol
"2024-08",15.2,11.2,19.1,48.0,1008.8,8613.0,Newcastle upon Tyne
"2024-09",12.1,9.2,15.2,11.0,1015.8,6389.0,Newcastle upon Tyne
"2024-06",23.4,16.9,29.9,34.0,1013.1,19500.0,Zaragoza
"2024-07",27.6,20.2,34.9,13.0,1013.2,22620.0,Zaragoza
"2024-08",27.3,20.4,34.2,31.0,1013.4,20760.0,Zaragoza
"2024-09",20.3,15.4,25.2,47.0,1015.1,15480.0,Zaragoza
"2024-10",17.1,13.3,20.9,92.0,1016.0,8820.0,Zaragoza
"2024-11",12.5,8.5,16.4,8.0,1022.2,8460.0,Zaragoza
"2024-12",7.9,4.7,11.2,6.0,1027.6,8880.0,Zaragoza
"2025-01",7.7,3.1,12.2,10.0,1020.7,8640.0,Zaragoza
"2025-02",9.8,5.0,14.7,19.0,1022.2,10680.0,Zaragoza
"2025-03",10.8,7.0,14.6,57.0,1013.6,9060.0,Zaragoza
"2025-04",15.6,10.0,21.1,55.0,1014.1,16320.0,Zaragoza
"2025-05",19.2,12.8,25.5,38.0,1015.4,20220.0,Zaragoza
"2025-06",27.6,20.1,35.0,21.0,1016.1,20820.0,Zaragoza
"2025-07",26.1,19.7,32.5,28.0,1015.0,21840.0,Zaragoza
"2025-08",27.2,20.2,34.2,17.0,1014.3,19560.0,Zaragoza
"2025-09",21.8,15.8,27.8,28.0,1017.5,17100.0,Zaragoza
"2025-10",17.8,12.2,23.4,14.0,1017.8,14760.0,Zaragoza
"2025-11",12.0,7.7,16.4,22.0,1017.2,10620.0,Zaragoza
"2025-12",8.5,5.0,11.9,32.0,1017.8,6660.0,Zaragoza
"2021-01",3.2,1.7,4.7,,1009.3,3962.0,Sunderland
"2021-02",4.7,2.8,6.7,,1013.3,3412.0,Sunderland
"2021-03",6.7,4.2,9.5,,1017.8,5041.0,Sunderland
"2021-04",5.7,2.3,9.0,,1023.8,7932.0,Sunderland
"2021-05",9.7,6.7,12.5,,1008.3,9420.0,Sunderland
"2021-06",14.7,11.2,17.8,,1018.8,10585.0,Sunderland
"2021-07",16.9,13.9,19.8,,1014.2,8138.0,Sunderland
"2022-01",6.5,4.3,8.5,,1020.8,3962.0,Sunderland
"2022-02",7.5,5.4,9.6,,1006.8,3412.0,Sunderland
"2022-03",7.7,4.8,11.0,,1022.8,5041.0,Sunderland
"2022-04",8.5,5.7,11.6,,1016.3,7932.0,Sunderland
