date,city,population
2021-01,London,8799800
2021-02,London,8805650
2021-03,London,8811500
2021-04,London,8817350
2021-05,London,8823200
2021-06,London,8829050
2021-07,London,8834900
2021-08,London,8840750
2021-09,London,8846600
2021-10,London,8852450
2021-11,London,8858300
2021-12,London,8864150
2022-01,London,8870000
2022-02,London,8876276
2022-03,London,8882552
2022-04,London,8888828
2022-05,London,8895103
2022-06,London,8901379
2022-07,London,8907655
2022-08,London,8913931
2022-09,London,8920207
2022-10,London,8926482
2022-11,London,8932758
2022-12,London,8939034
2023-01,London,8945310
2023-02,London,8951534
2023-03,London,8957758
2023-04,London,8963982
2023-05,London,8970207
2023-06,London,8976431
2023-07,London,8982655
2023-08,London,8988879
2023-09,London,8995103
2023-10,London,9001328
2023-11,London,9007552
2023-12,London,9013776
2024-01,London,9020000
2024-02,London,9026250
2024-03,London,9032500
2024-04,London,9038750
2024-05,London,9045000
2024-06,London,9051250
2024-07,London,9057500
2024-08,London,9063750
2024-09,London,9070000
2024-10,London,9076250
2024-11,London,9082500
2024-12,London,9088750
2025-12,London,9095000
2021-01,Brighton and Hove,276500
2021-02,Brighton and Hove,276625
2021-03,Brighton and Hove,276750
2021-04,Brighton and Hove,276875
2021-05,Brighton and Hove,277000
2021-06,Brighton and Hove,277125
2021-07,Brighton and Hove,277250
2021-08,Brighton and Hove,277375
2021-09,Brighton and Hove,277500
2021-10,Brighton and Hove,277625
2021-11,Brighton and Hove,277750
2021-12,Brighton and Hove,277875
2022-01,Brighton and Hove,278000
2022-02,Brighton and Hove,278261
2022-03,Brighton and Hove,278522
2022-04,Brighton and Hove,278784
2022-05,Brighton and Hove,279045
2022-06,Brighton and Hove,279306
2022-07,Brighton and Hove,279568
2022-08,Brighton and Hove,279829
2022-09,Brighton and Hove,280090
2022-10,Brighton and Hove,280351
2022-11,Brighton and Hove,280612
2022-12,Brighton and Hove,280874
2023-01,Brighton and Hove,281135
2023-02,Brighton and Hove,281363
2023-03,Brighton and Hove,281591
2023-04,Brighton and Hove,281819
2023-05,Brighton and Hove,282047
2023-06,Brighton and Hove,282275
2023-07,Brighton and Hove,282502
2023-08,Brighton and Hove,282730
2023-09,Brighton and Hove,282958
2023-10,Brighton and Hove,283186
2023-11,Brighton and Hove,283414
2023-12,Brighton and Hove,283642
2024-01,Brighton and Hove,283870
2024-02,Brighton and Hove,284098
2024-03,Brighton and Hove,284325
2024-04,Brighton and Hove,284552
2024-05,Brighton and Hove,284780
2024-06,Brighton and Hove,285008
2024-07,Brighton and Hove,285235
2024-08,Brighton and Hove,285462
2024-09,Brighton and Hove,285690
2024-10,Brighton and Hove,285918
2024-11,Brighton and Hove,286145
2024-12,Brighton and Hove,286372
2025-12,Brighton and Hove,286600
2021-01,Canterbury,156600
2021-02,Canterbury,156775
2021-03,Canterbury,156950
2021-04,Canterbury,157125
2021-05,Canterbury,157300
2021-06,Canterbury,157475
2021-07,Canterbury,157650
2021-08,Canterbury,157825
2021-09,Canterbury,158000
2021-10,Canterbury,158175
2021-11,Canterbury,158350
2021-12,Canterbury,158525
2022-01,Canterbury,158700
2022-02,Canterbury,158875
2022-03,Canterbury,159050
2022-04,Canterbury,159225
2022-05,Canterbury,159400
2022-06,Canterbury,159575
2022-07,Canterbury,159750
2022-08,Canterbury,159925
2022-09,Canterbury,160100
2022-10,Canterbury,160275
2022-11,Canterbury,160450
2022-12,Canterbury,160625
2023-01,Canterbury,160800
2023-02,Canterbury,160908
2023-03,Canterbury,161017
2023-04,Canterbury,161125
2023-05,Canterbury,161233
2023-06,Canterbury,161342
2023-07,Canterbury,161450
2023-08,Canterbury,161558
2023-09,Canterbury,161667
2023-10,Canterbury,161775
2023-11,Canterbury,161883
2023-12,Canterbury,161992
2024-01,Canterbury,162100
2024-02,Canterbury,162217
2024-03,Canterbury,162333
2024-04,Canterbury,162450
2024-05,Canterbury,162567
2024-06,Canterbury,162683
2024-07,Canterbury,162800
2024-08,Canterbury,162917
2024-09,Canterbury,163033
2024-10,Canterbury,163150
2024-11,Canterbury,163267
2024-12,Canterbury,163383
2025-12,Canterbury,163500
2021-01,Plymouth,264700
2021-02,Plymouth,264808
2021-03,Plymouth,264917
2021-04,Plymouth,265025
2021-05,Plymouth,265133
2021-06,Plymouth,265242
2021-07,Plymouth,265350
2021-08,Plymouth,265458
2021-09,Plymouth,265567
2021-10,Plymouth,265675
2021-11,Plymouth,265783
2021-12,Plymouth,265892
2022-01,Plymouth,266000
2022-02,Plymouth,266125
2022-03,Plymouth,266250
2022-04,Plymouth,266375
2022-05,Plymouth,266500
2022-06,Plymouth,266625
2022-07,Plymouth,266750
2022-08,Plymouth,266875
2022-09,Plymouth,267000
2022-10,Plymouth,267125
2022-11,Plymouth,267250
2022-12,Plymouth,267375
2023-01,Plymouth,267500
2023-02,Plymouth,267625
2023-03,Plymouth,267750
2023-04,Plymouth,267875
2023-05,Plymouth,268000
2023-06,Plymouth,268125
2023-07,Plymouth,268250
2023-08,Plymouth,268375
2023-09,Plymouth,268500
2023-10,Plymouth,268625
2023-11,Plymouth,268750
2023-12,Plymouth,268875
2024-01,Plymouth,269000
2024-02,Plymouth,269125
2024-03,Plymouth,269250
2024-04,Plymouth,269375
2024-05,Plymouth,269500
2024-06,Plymouth,269625
2024-07,Plymouth,269750
2024-08,Plymouth,269875
2024-09,Plymouth,270000
2024-10,Plymouth,270125
2024-11,Plymouth,270250
2024-12,Plymouth,270375
2025-12,Plymouth,270500
2021-01,Exeter,130700
2021-02,Exeter,130733
2021-03,Exeter,130767
2021-04,Exeter,130800
2021-05,Exeter,130833
2021-06,Exeter,130867
2021-07,Exeter,130900
2021-08,Exeter,130933
2021-09,Exeter,130967
2021-10,Exeter,131000
2021-11,Exeter,131033
2021-12,Exeter,131067
2022-01,Exeter,131100
2022-02,Exeter,131133
2022-03,Exeter,131167
2022-04,Exeter,131200
2022-05,Exeter,131233
2022-06,Exeter,131267
2022-07,Exeter,131300
2022-08,Exeter,131333
2022-09,Exeter,131367
2022-10,Exeter,131400
2022-11,Exeter,131433
2022-12,Exeter,131467
2023-01,Exeter,131500
2023-02,Exeter,131533
2023-03,Exeter,131567
2023-04,Exeter,131600
2023-05,Exeter,131633
2023-06,Exeter,131667
2023-07,Exeter,131700
2023-08,Exeter,131733
2023-09,Exeter,131767
2023-10,Exeter,131800
2023-11,Exeter,131833
2023-12,Exeter,131867
2024-01,Exeter,131900
2024-02,Exeter,131933
2024-03,Exeter,131967
2024-04,Exeter,132000
2024-05,Exeter,132033
2024-06,Exeter,132067
2024-07,Exeter,132100
2024-08,Exeter,132133
2024-09,Exeter,132167
2024-10,Exeter,132200
2024-11,Exeter,132233
2024-12,Exeter,132267
2025-12,Exeter,132300
2021-01,Bristol,472500
2021-02,Bristol,473125
2021-03,Bristol,473750
2021-04,Bristol,474375
2021-05,Bristol,475000
2021-06,Bristol,475625
2021-07,Bristol,476250
2021-08,Bristol,476875
2021-09,Bristol,477500
2021-10,Bristol,478125
2021-11,Bristol,478750
2021-12,Bristol,479375
2022-01,Bristol,480000
2022-02,Bristol,480667
2022-03,Bristol,481333
2022-04,Bristol,482000
2022-05,Bristol,482667
2022-06,Bristol,483333
2022-07,Bristol,484000
2022-08,Bristol,484667
2022-09,Bristol,485333
2022-10,Bristol,486000
2022-11,Bristol,486667
2022-12,Bristol,487333
2023-01,Bristol,488000
2023-02,Bristol,488533
2023-03,Bristol,489067
2023-04,Bristol,489600
2023-05,Bristol,490133
2023-06,Bristol,490667
2023-07,Bristol,491200
2023-08,Bristol,491733
2023-09,Bristol,492267
2023-10,Bristol,492800
2023-11,Bristol,493333
2023-12,Bristol,493867
2024-01,Bristol,494400
2024-02,Bristol,495033
2024-03,Bristol,495667
2024-04,Bristol,496300
2024-05,Bristol,496933
2024-06,Bristol,497567
2024-07,Bristol,498200
2024-08,Bristol,498833
2024-09,Bristol,499467
2024-10,Bristol,500100
2024-11,Bristol,500733
2024-12,Bristol,501367
2025-12,Bristol,502000
2021-01,Nottingham,323600
2021-02,Nottingham,323717
2021-03,Nottingham,323833
2021-04,Nottingham,323950
2021-05,Nottingham,324067
2021-06,Nottingham,324183
2021-07,Nottingham,324300
2021-08,Nottingham,324417
2021-09,Nottingham,324533
2021-10,Nottingham,324650
2021-11,Nottingham,324767
2021-12,Nottingham,324883
2022-01,Nottingham,325000
2022-02,Nottingham,325183
2022-03,Nottingham,325367
2022-04,Nottingham,325550
2022-05,Nottingham,325733
2022-06,Nottingham,325917
2022-07,Nottingham,326100
2022-08,Nottingham,326283
2022-09,Nottingham,326467
2022-10,Nottingham,326650
2022-11,Nottingham,326833
2022-12,Nottingham,327017
2023-01,Nottingham,327200
2023-02,Nottingham,327523
2023-03,Nottingham,327846
2023-04,Nottingham,328169
2023-05,Nottingham,328492
2023-06,Nottingham,328815
2023-07,Nottingham,329138
2023-08,Nottingham,329462
2023-09,Nottingham,329785
2023-10,Nottingham,330108
2023-11,Nottingham,330431
2023-12,Nottingham,330754
2024-01,Nottingham,331077
2024-02,Nottingham,331279
2024-03,Nottingham,331481
2024-04,Nottingham,331683
2024-05,Nottingham,331885
2024-06,Nottingham,332087
2024-07,Nottingham,332288
2024-08,Nottingham,332490
2024-09,Nottingham,332692
2024-10,Nottingham,332894
2024-11,Nottingham,333096
2024-12,Nottingham,333298
2025-12,Nottingham,333500
2021-01,Peterborough,215700
2021-02,Peterborough,215892
2021-03,Peterborough,216083
2021-04,Peterborough,216275
2021-05,Peterborough,216467
2021-06,Peterborough,216658
2021-07,Peterborough,216850
2021-08,Peterborough,217042
2021-09,Peterborough,217233
2021-10,Peterborough,217425
2021-11,Peterborough,217617
2021-12,Peterborough,217808
2022-01,Peterborough,218000
2022-02,Peterborough,218250
2022-03,Peterborough,218500
2022-04,Peterborough,218750
2022-05,Peterborough,219000
2022-06,Peterborough,219250
2022-07,Peterborough,219500
2022-08,Peterborough,219750
2022-09,Peterborough,220000
2022-10,Peterborough,220250
2022-11,Peterborough,220500
2022-12,Peterborough,220750
2023-01,Peterborough,221000
2023-02,Peterborough,221167
2023-03,Peterborough,221333
2023-04,Peterborough,221500
2023-05,Peterborough,221667
2023-06,Peterborough,221833
2023-07,Peterborough,222000
2023-08,Peterborough,222167
2023-09,Peterborough,222333
2023-10,Peterborough,222500
2023-11,Peterborough,222667
2023-12,Peterborough,222833
2024-01,Peterborough,223000
2024-02,Peterborough,223250
2024-03,Peterborough,223500
2024-04,Peterborough,223750
2024-05,Peterborough,224000
2024-06,Peterborough,224250
2024-07,Peterborough,224500
2024-08,Peterborough,224750
2024-09,Peterborough,225000
2024-10,Peterborough,225250
2024-11,Peterborough,225500
2024-12,Peterborough,225750
2025-12,Peterborough,226000
2021-01,Birmingham,1144900
2021-02,Birmingham,1145533
2021-03,Birmingham,1146167
2021-04,Birmingham,1146800
2021-05,Birmingham,1147433
2021-06,Birmingham,1148067
2021-07,Birmingham,1148700
2021-08,Birmingham,1149333
2021-09,Birmingham,1149967
2021-10,Birmingham,1150600
2021-11,Birmingham,1151233
2021-12,Birmingham,1151867
2022-01,Birmingham,1152500
2022-02,Birmingham,1153125
2022-03,Birmingham,1153750
2022-04,Birmingham,1154375
2022-05,Birmingham,1155000
2022-06,Birmingham,1155625
2022-07,Birmingham,1156250
2022-08,Birmingham,1156875
2022-09,Birmingham,1157500
2022-10,Birmingham,1158125
2022-11,Birmingham,1158750
2022-12,Birmingham,1159375
2023-01,Birmingham,1160000
2023-02,Birmingham,1160667
2023-03,Birmingham,1161333
2023-04,Birmingham,1162000
2023-05,Birmingham,1162667
2023-06,Birmingham,1163333
2023-07,Birmingham,1164000
2023-08,Birmingham,1164667
2023-09,Birmingham,1165333
2023-10,Birmingham,1166000
2023-11,Birmingham,1166667
2023-12,Birmingham,1167333
2024-01,Birmingham,1168000
2024-02,Birmingham,1168633
2024-03,Birmingham,1169267
2024-04,Birmingham,1169900
2024-05,Birmingham,1170533
2024-06,Birmingham,1171167
2024-07,Birmingham,1171800
2024-08,Birmingham,1172433
2024-09,Birmingham,1173067
2024-10,Birmingham,1173700
2024-11,Birmingham,1174333
2024-12,Birmingham,1174967
2025-12,Birmingham,1175600
2021-01,Leeds,812000
2021-02,Leeds,812667
2021-03,Leeds,813333
2021-04,Leeds,814000
2021-05,Leeds,814667
2021-06,Leeds,815333
2021-07,Leeds,816000
2021-08,Leeds,816667
2021-09,Leeds,817333
2021-10,Leeds,818000
2021-11,Leeds,818667
2021-12,Leeds,819333
2022-01,Leeds,820000
2022-02,Leeds,820667
2022-03,Leeds,821333
2022-04,Leeds,822000
2022-05,Leeds,822667
2022-06,Leeds,823333
2022-07,Leeds,824000
2022-08,Leeds,824667
2022-09,Leeds,825333
2022-10,Leeds,826000
2022-11,Leeds,826667
2022-12,Leeds,827333
2023-01,Leeds,828000
2023-02,Leeds,828667
2023-03,Leeds,829333
2023-04,Leeds,830000
2023-05,Leeds,830667
2023-06,Leeds,831333
2023-07,Leeds,832000
2023-08,Leeds,832667
2023-09,Leeds,833333
2023-10,Leeds,834000
2023-11,Leeds,834667
2023-12,Leeds,835333
2024-01,Leeds,836000
2024-02,Leeds,836750
2024-03,Leeds,837500
2024-04,Leeds,838250
2024-05,Leeds,839000
2024-06,Leeds,839750
2024-07,Leeds,840500
2024-08,Leeds,841250
2024-09,Leeds,842000
2024-10,Leeds,842750
2024-11,Leeds,843500
2024-12,Leeds,844250
2025-12,Leeds,845000
2021-01,Manchester,551900
2021-02,Manchester,552575
2021-03,Manchester,553250
2021-04,Manchester,553925
2021-05,Manchester,554600
2021-06,Manchester,555275
2021-07,Manchester,555950
2021-08,Manchester,556625
2021-09,Manchester,557300
2021-10,Manchester,557975
2021-11,Manchester,558650
2021-12,Manchester,559325
2022-01,Manchester,560000
2022-02,Manchester,560750
2022-03,Manchester,561500
2022-04,Manchester,562250
2022-05,Manchester,563000
2022-06,Manchester,563750
2022-07,Manchester,564500
2022-08,Manchester,565250
2022-09,Manchester,566000
2022-10,Manchester,566750
2022-11,Manchester,567500
2022-12,Manchester,568250
2023-01,Manchester,569000
2023-02,Manchester,569750
2023-03,Manchester,570500
2023-04,Manchester,571250
2023-05,Manchester,572000
2023-06,Manchester,572750
2023-07,Manchester,573500
2023-08,Manchester,574250
2023-09,Manchester,575000
2023-10,Manchester,575750
2023-11,Manchester,576500
2023-12,Manchester,577250
2024-01,Manchester,578000
2024-02,Manchester,578750
2024-03,Manchester,579500
2024-04,Manchester,580250
2024-05,Manchester,581000
2024-06,Manchester,581750
2024-07,Manchester,582500
2024-08,Manchester,583250
2024-09,Manchester,584000
2024-10,Manchester,584750
2024-11,Manchester,585500
2024-12,Manchester,586250
2025-12,Manchester,587000
2021-01,York,202800
2021-02,York,202983
2021-03,York,203167
2021-04,York,203350
2021-05,York,203533
2021-06,York,203717
2021-07,York,203900
2021-08,York,204083
2021-09,York,204267
2021-10,York,204450
2021-11,York,204633
2021-12,York,204817
2022-01,York,205000
2022-02,York,205167
2022-03,York,205333
2022-04,York,205500
2022-05,York,205667
2022-06,York,205833
2022-07,York,206000
2022-08,York,206167
2022-09,York,206333
2022-10,York,206500
2022-11,York,206667
2022-12,York,206833
2023-01,York,207000
2023-02,York,207192
2023-03,York,207384
2023-04,York,207575
2023-05,York,207767
2023-06,York,207959
2023-07,York,208150
2023-08,York,208342
2023-09,York,208534
2023-10,York,208726
2023-11,York,208918
2023-12,York,209109
2024-01,York,209301
2024-02,York,209443
2024-03,York,209584
2024-04,York,209726
2024-05,York,209867
2024-06,York,210009
2024-07,York,210150
2024-08,York,210292
2024-09,York,210434
2024-10,York,210575
2024-11,York,210717
2024-12,York,210858
2025-12,York,211000
2021-01,Newcastle upon Tyne,300100
2021-02,Newcastle upon Tyne,300667
2021-03,Newcastle upon Tyne,301233
2021-04,Newcastle upon Tyne,301800
2021-05,Newcastle upon Tyne,302367
2021-06,Newcastle upon Tyne,302933
2021-07,Newcastle upon Tyne,303500
2021-08,Newcastle upon Tyne,304067
2021-09,Newcastle upon Tyne,304633
2021-10,Newcastle upon Tyne,305200
2021-11,Newcastle upon Tyne,305767
2021-12,Newcastle upon Tyne,306333
2022-01,Newcastle upon Tyne,306900
2022-02,Newcastle upon Tyne,307467
2022-03,Newcastle upon Tyne,308033
2022-04,Newcastle upon Tyne,308600
2022-05,Newcastle upon Tyne,309167
2022-06,Newcastle upon Tyne,309733
2022-07,Newcastle upon Tyne,310300
2022-08,Newcastle upon Tyne,310867
2022-09,Newcastle upon Tyne,311433
2022-10,Newcastle upon Tyne,312000
2022-11,Newcastle upon Tyne,312567
2022-12,Newcastle upon Tyne,313133
2023-01,Newcastle upon Tyne,313700
2023-02,Newcastle upon Tyne,314275
2023-03,Newcastle upon Tyne,314851
2023-04,Newcastle upon Tyne,315426
2023-05,Newcastle upon Tyne,316002
2023-06,Newcastle upon Tyne,316577
2023-07,Newcastle upon Tyne,317152
2023-08,Newcastle upon Tyne,317728
2023-09,Newcastle upon Tyne,318303
2023-10,Newcastle upon Tyne,318879
2023-11,Newcastle upon Tyne,319454
2023-12,Newcastle upon Tyne,320030
2024-01,Newcastle upon Tyne,320605
2024-02,Newcastle upon Tyne,321138
2024-03,Newcastle upon Tyne,321671
2024-04,Newcastle upon Tyne,322204
2024-05,Newcastle upon Tyne,322737
2024-06,Newcastle upon Tyne,323270
2024-07,Newcastle upon Tyne,323802
2024-08,Newcastle upon Tyne,324335
2024-09,Newcastle upon Tyne,324868
2024-10,Newcastle upon Tyne,325401
2024-11,Newcastle upon Tyne,325934
2024-12,Newcastle upon Tyne,326467
2025-12,Newcastle upon Tyne,327000
2021-01,Sunderland,275506
2021-02,Sunderland,275630
2021-03,Sunderland,275755
2021-04,Sunderland,275880
2021-05,Sunderland,276004
2021-06,Sunderland,276128
2021-07,Sunderland,276253
2021-08,Sunderland,276378
2021-09,Sunderland,276502
2021-10,Sunderland,276626
2021-11,Sunderland,276751
2021-12,Sunderland,276876
2022-01,Sunderland,277000
2022-02,Sunderland,277125
2022-03,Sunderland,277250
2022-04,Sunderland,277375
2022-05,Sunderland,277500
2022-06,Sunderland,277625
2022-07,Sunderland,277750
2022-08,Sunderland,277875
2022-09,Sunderland,278000
2022-10,Sunderland,278125
2022-11,Sunderland,278250
2022-12,Sunderland,278375
2023-01,Sunderland,278500
2023-02,Sunderland,278625
2023-03,Sunderland,278750
2023-04,Sunderland,278875
2023-05,Sunderland,279000
2023-06,Sunderland,279125
2023-07,Sunderland,279250
2023-08,Sunderland,279375
2023-09,Sunderland,279500
2023-10,Sunderland,279625
2023-11,Sunderland,279750
2023-12,Sunderland,279875
2024-01,Sunderland,280000
2024-02,Sunderland,280125
2024-03,Sunderland,280250
2024-04,Sunderland,280375
2024-05,Sunderland,280500
2024-06,Sunderland,280625
2024-07,Sunderland,280750
2024-08,Sunderland,280875
2024-09,Sunderland,281000
2024-10,Sunderland,281125
2024-11,Sunderland,281250
2024-12,Sunderland,281375
2025-12,Sunderland,281500
2021-01,Middlesbrough,143900
2021-02,Middlesbrough,143950
2021-03,Middlesbrough,144000
2021-04,Middlesbrough,144050
2021-05,Middlesbrough,144100
2021-06,Middlesbrough,144150
2021-07,Middlesbrough,144200
2021-08,Middlesbrough,144250
2021-09,Middlesbrough,144300
2021-10,Middlesbrough,144350
2021-11,Middlesbrough,144400
2021-12,Middlesbrough,144450
2022-01,Middlesbrough,144500
2022-02,Middlesbrough,144542
2022-03,Middlesbrough,144583
2022-04,Middlesbrough,144625
2022-05,Middlesbrough,144667
2022-06,Middlesbrough,144708
2022-07,Middlesbrough,144750
2022-08,Middlesbrough,144792
2022-09,Middlesbrough,144833
2022-10,Middlesbrough,144875
2022-11,Middlesbrough,144917
2022-12,Middlesbrough,144958
2023-01,Middlesbrough,145000
2023-02,Middlesbrough,145042
2023-03,Middlesbrough,145083
2023-04,Middlesbrough,145125
2023-05,Middlesbrough,145167
2023-06,Middlesbrough,145208
2023-07,Middlesbrough,145250
2023-08,Middlesbrough,145292
2023-09,Middlesbrough,145333
2023-10,Middlesbrough,145375
2023-11,Middlesbrough,145417
2023-12,Middlesbrough,145458
2024-01,Middlesbrough,145500
2024-02,Middlesbrough,145542
2024-03,Middlesbrough,145583
2024-04,Middlesbrough,145625
2024-05,Middlesbrough,145667
2024-06,Middlesbrough,145708
2024-07,Middlesbrough,145750
2024-08,Middlesbrough,145792
2024-09,Middlesbrough,145833
2024-10,Middlesbrough,145875
2024-11,Middlesbrough,145917
2024-12,Middlesbrough,145958
2025-12,Middlesbrough,146000
2021-01,Salisbury,41820
2021-02,Salisbury,41835
2021-03,Salisbury,41850
2021-04,Salisbury,41865
2021-05,Salisbury,41880
2021-06,Salisbury,41895
2021-07,Salisbury,41910
2021-08,Salisbury,41925
2021-09,Salisbury,41940
2021-10,Salisbury,41955
2021-11,Salisbury,41970
2021-12,Salisbury,41985
2022-01,Salisbury,42000
2022-02,Salisbury,42015
2022-03,Salisbury,42030
2022-04,Salisbury,42045
2022-05,Salisbury,42060
2022-06,Salisbury,42075
2022-07,Salisbury,42090
2022-08,Salisbury,42105
2022-09,Salisbury,42120
2022-10,Salisbury,42135
2022-11,Salisbury,42150
2022-12,Salisbury,42165
2023-01,Salisbury,42180
2023-02,Salisbury,42195
2023-03,Salisbury,42210
2023-04,Salisbury,42225
2023-05,Salisbury,42240
2023-06,Salisbury,42255
2023-07,Salisbury,42270
2023-08,Salisbury,42285
2023-09,Salisbury,42300
2023-10,Salisbury,42315
2023-11,Salisbury,42330
2023-12,Salisbury,42345
2024-01,Salisbury,42360
2024-02,Salisbury,42376
2024-03,Salisbury,42392
2024-04,Salisbury,42408
2024-05,Salisbury,42423
2024-06,Salisbury,42439
2024-07,Salisbury,42455
2024-08,Salisbury,42471
2024-09,Salisbury,42487
2024-10,Salisbury,42502
2024-11,Salisbury,42518
2024-12,Salisbury,42534
2025-12,Salisbury,42550
2021-01,Kendal,28940
2021-02,Kendal,28945
2021-03,Kendal,28950
2021-04,Kendal,28955
2021-05,Kendal,28960
2021-06,Kendal,28965
2021-07,Kendal,28970
2021-08,Kendal,28975
2021-09,Kendal,28980
2021-10,Kendal,28985
2021-11,Kendal,28990
2021-12,Kendal,28995
2022-01,Kendal,29000
2022-02,Kendal,29008
2022-03,Kendal,29017
2022-04,Kendal,29025
2022-05,Kendal,29033
2022-06,Kendal,29042
2022-07,Kendal,29050
2022-08,Kendal,29058
2022-09,Kendal,29067
2022-10,Kendal,29075
2022-11,Kendal,29083
2022-12,Kendal,29092
2023-01,Kendal,29100
2023-02,Kendal,29108
2023-03,Kendal,29117
2023-04,Kendal,29125
2023-05,Kendal,29133
2023-06,Kendal,29142
2023-07,Kendal,29150
2023-08,Kendal,29158
2023-09,Kendal,29167
2023-10,Kendal,29175
2023-11,Kendal,29183
2023-12,Kendal,29192
2024-01,Kendal,29200
2024-02,Kendal,29212
2024-03,Kendal,29225
2024-04,Kendal,29238
2024-05,Kendal,29250
2024-06,Kendal,29262
2024-07,Kendal,29275
2024-08,Kendal,29288
2024-09,Kendal,29300
2024-10,Kendal,29312
2024-11,Kendal,29325
2024-12,Kendal,29338
2025-12,Kendal,29350
