date,country,group,items_1000,items,population,items_per_1k,days_in_month,items_per_1k_per_day,percent_per_day,tavg_mean,tavg_median,tavg_std,tmin_mean,tmin_median,tmin_std,tmax_mean,tmax_median,tmax_std,prcp_mean,prcp_median,prcp_std,tsun_mean,tsun_median,tsun_std
2021-01-01,England,Antidepressants,6694.824,6694824.0,56489800,118.51,31,3.82,0.382,3.5,3.1,1.2,1.2,0.8,1.2,5.6,5.3,1.2,98.1,93.5,33.5,3139.6,3468.0,1011.8
2021-01-01,England,Anxiolytics,1959.228,1959228.0,56489800,34.68,31,1.12,0.11200000000000002,3.5,3.1,1.2,1.2,0.8,1.2,5.6,5.3,1.2,98.1,93.5,33.5,3139.6,3468.0,1011.8
2021-02-01,England,Antidepressants,6321.942,6321942.0,56541183,111.81,28,3.99,0.399,5.2,4.9,0.8,2.6,2.5,0.9,7.7,7.8,0.9,65.2,62.5,22.2,3926.1,3936.0,680.2
2021-02-01,England,Anxiolytics,1855.231,1855231.0,56541183,32.81,28,1.17,0.11699999999999999,5.2,4.9,0.8,2.6,2.5,0.9,7.7,7.8,0.9,65.2,62.5,22.2,3926.1,3936.0,680.2
2021-03-01,England,Antidepressants,7108.419,7108419.0,56592566,125.61,31,4.05,0.40499999999999997,7.2,7.1,0.5,3.9,3.8,0.6,10.5,10.5,0.6,54.0,42.5,33.4,6518.8,6438.0,1451.7
2021-03-01,England,Anxiolytics,2071.846,2071846.0,56592566,36.61,31,1.18,0.118,7.2,7.1,0.5,3.9,3.8,0.6,10.5,10.5,0.6,54.0,42.5,33.4,6518.8,6438.0,1451.7
2021-04-01,England,Antidepressants,6876.404,6876404.0,56643950,121.4,30,4.05,0.40499999999999997,6.5,6.3,0.8,1.8,1.7,1.1,10.9,11.1,1.2,27.9,16.5,24.9,11431.6,12156.0,2811.1
2021-04-01,England,Anxiolytics,1984.972,1984972.0,56643950,35.04,30,1.17,0.11699999999999999,6.5,6.3,0.8,1.8,1.7,1.1,10.9,11.1,1.2,27.9,16.5,24.9,11431.6,12156.0,2811.1
2021-05-01,England,Antidepressants,6577.0470000000005,6577047.0,56695333,116.01,31,3.74,0.374,10.1,10.0,0.6,6.4,6.4,0.8,13.8,13.9,0.7,83.5,88.0,30.3,9842.2,9420.0,1503.5
2021-05-01,England,Anxiolytics,1889.241,1889241.0,56695333,33.32,31,1.07,0.10700000000000001,10.1,10.0,0.6,6.4,6.4,0.8,13.8,13.9,0.7,83.5,88.0,30.3,9842.2,9420.0,1503.5
2021-06-01,England,Antidepressants,6996.286,6996286.0,56746716,123.29,30,4.11,0.41100000000000003,15.5,15.7,0.7,11.4,11.5,0.9,19.6,19.7,1.0,50.4,44.0,28.2,11290.2,10585.0,1268.3
2021-06-01,England,Anxiolytics,2003.9279999999999,2003928.0,56746716,35.31,30,1.18,0.118,15.5,15.7,0.7,11.4,11.5,0.9,19.6,19.7,1.0,50.4,44.0,28.2,11290.2,10585.0,1268.3
2021-07-01,England,Antidepressants,6996.406,6996406.0,56798099,123.18,31,3.97,0.397,17.5,17.6,0.7,13.7,13.8,0.8,21.5,21.7,1.0,74.1,71.5,16.6,10656.3,10610.0,1619.4
2021-07-01,England,Anxiolytics,2016.669,2016669.0,56798099,35.51,31,1.15,0.11499999999999999,17.5,17.6,0.7,13.7,13.8,0.8,21.5,21.7,1.0,74.1,71.5,16.6,10656.3,10610.0,1619.4
2021-08-01,England,Antidepressants,6696.004,6696004.0,56849482,117.78,31,3.8,0.38,15.9,16.0,0.6,12.7,12.8,0.8,19.4,19.4,0.6,43.5,45.0,12.6,8537.0,8654.0,1654.7
2021-08-01,England,Anxiolytics,1928.527,1928527.0,56849482,33.92,31,1.09,0.10900000000000001,15.9,16.0,0.6,12.7,12.8,0.8,19.4,19.4,0.6,43.5,45.0,12.6,8537.0,8654.0,1654.7
2021-09-01,England,Antidepressants,7026.3369999999995,7026337.0,56900865,123.48,30,4.12,0.41200000000000003,15.8,15.8,0.6,12.2,12.1,0.7,19.7,19.8,0.8,64.9,56.0,19.7,8017.1,7768.0,1050.8
2021-09-01,England,Anxiolytics,2014.694,2014694.0,56900865,35.41,30,1.18,0.118,15.8,15.8,0.6,12.2,12.1,0.7,19.7,19.8,0.8,64.9,56.0,19.7,8017.1,7768.0,1050.8
2021-10-01,England,Antidepressants,6743.43,6743430.0,56952248,118.4,31,3.82,0.382,12.2,12.1,0.7,9.3,9.1,0.8,15.0,14.8,0.8,97.8,88.0,34.1,5720.3,5820.0,500.3
2021-10-01,England,Anxiolytics,1930.358,1930358.0,56952248,33.89,31,1.09,0.10900000000000001,12.2,12.1,0.7,9.3,9.1,0.8,15.0,14.8,0.8,97.8,88.0,34.1,5720.3,5820.0,500.3
2021-11-01,England,Antidepressants,7023.108,7023108.0,57003632,123.2,30,4.11,0.41100000000000003,7.9,7.6,0.7,5.3,5.1,0.8,10.4,10.2,0.7,53.5,52.0,35.0,3765.1,3695.0,616.8
2021-11-01,England,Anxiolytics,1995.99,1995990.0,57003632,35.02,30,1.17,0.11699999999999999,7.9,7.6,0.7,5.3,5.1,0.8,10.4,10.2,0.7,53.5,52.0,35.0,3765.1,3695.0,616.8
2021-12-01,England,Antidepressants,7342.693,7342693.0,57055015,128.69,31,4.15,0.41500000000000004,6.6,6.5,1.4,4.5,4.6,1.4,8.6,8.4,1.3,83.0,87.0,16.6,2207.7,2106.0,632.5
2021-12-01,England,Anxiolytics,2091.833,2091833.0,57055015,36.66,31,1.18,0.118,6.6,6.5,1.4,4.5,4.6,1.4,8.6,8.4,1.3,83.0,87.0,16.6,2207.7,2106.0,632.5
2022-01-01,England,Antidepressants,6985.912,6985912.0,57106398,122.33,31,3.95,0.395,5.1,4.7,0.9,2.2,2.0,1.1,7.9,7.6,0.9,42.6,32.0,27.3,4446.4,4042.0,1072.6
2022-01-01,England,Anxiolytics,1977.247,1977247.0,57106398,34.62,31,1.12,0.11200000000000002,5.1,4.7,0.9,2.2,2.0,1.1,7.9,7.6,0.9,42.6,32.0,27.3,4446.4,4042.0,1072.6
2022-02-01,England,Antidepressants,6547.806,6547806.0,57155056,114.56,28,4.09,0.409,7.1,6.8,0.9,4.2,4.0,0.9,9.8,9.6,0.9,79.4,57.5,51.3,4612.5,4332.0,1354.8
2022-02-01,England,Anxiolytics,1860.06,1860060.0,57155056,32.54,28,1.16,0.11599999999999999,7.1,6.8,0.9,4.2,4.0,0.9,9.8,9.6,0.9,79.4,57.5,51.3,4612.5,4332.0,1354.8
2022-03-01,England,Antidepressants,7413.421,7413421.0,57203715,129.6,31,4.18,0.418,7.7,7.7,0.8,4.0,3.7,1.1,11.6,11.7,0.7,58.8,52.5,29.2,8468.0,9648.0,2524.3
2022-03-01,England,Anxiolytics,2094.608,2094608.0,57203715,36.62,31,1.18,0.118,7.7,7.7,0.8,4.0,3.7,1.1,11.6,11.7,0.7,58.8,52.5,29.2,8468.0,9648.0,2524.3
2022-04-01,England,Antidepressants,6922.304,6922304.0,57252374,120.91,30,4.03,0.403,9.1,9.1,0.7,5.0,4.8,0.9,13.1,13.3,1.0,36.4,31.5,19.5,9975.2,10032.0,1834.6
2022-04-01,England,Anxiolytics,1953.109,1953109.0,57252374,34.11,30,1.14,0.11399999999999999,9.1,9.1,0.7,5.0,4.8,0.9,13.1,13.3,1.0,36.4,31.5,19.5,9975.2,10032.0,1834.6
2022-05-01,England,Antidepressants,7226.161,7226161.0,57301032,126.11,31,4.07,0.40700000000000003,12.9,13.0,0.6,9.1,9.1,0.7,16.7,16.7,0.9,45.6,45.5,10.4,10249.0,10014.0,1430.4
2022-05-01,England,Anxiolytics,2021.41,2021410.0,57301032,35.28,31,1.14,0.11399999999999999,12.9,13.0,0.6,9.1,9.1,0.7,16.7,16.7,0.9,45.6,45.5,10.4,10249.0,10014.0,1430.4
2022-06-01,England,Antidepressants,7041.195,7041195.0,57349690,122.78,30,4.09,0.409,15.3,15.3,0.6,10.8,10.6,0.9,19.6,19.5,0.9,46.4,43.0,19.3,12471.8,12198.0,1897.0
2022-06-01,England,Anxiolytics,1976.17,1976170.0,57349690,34.46,30,1.15,0.11499999999999999,15.3,15.3,0.6,10.8,10.6,0.9,19.6,19.5,0.9,46.4,43.0,19.3,12471.8,12198.0,1897.0
2022-07-01,England,Antidepressants,6997.987,6997987.0,57398349,121.92,31,3.93,0.393,18.3,18.3,0.9,13.6,13.6,0.8,22.8,22.8,1.3,26.4,22.0,18.2,11907.9,11394.0,3013.0
2022-07-01,England,Anxiolytics,1947.7,1947700.0,57398349,33.93,31,1.09,0.10900000000000001,18.3,18.3,0.9,13.6,13.6,0.8,22.8,22.8,1.3,26.4,22.0,18.2,11907.9,11394.0,3013.0
2022-08-01,England,Antidepressants,7215.061,7215061.0,57447008,125.6,31,4.05,0.40499999999999997,18.4,18.8,1.1,13.6,13.4,1.3,23.2,23.6,1.4,29.3,27.0,14.1,12940.6,13920.0,2760.4
2022-08-01,England,Anxiolytics,2022.859,2022859.0,57447008,35.21,31,1.14,0.11399999999999999,18.4,18.8,1.1,13.6,13.4,1.3,23.2,23.6,1.4,29.3,27.0,14.1,12940.6,13920.0,2760.4
2022-09-01,England,Antidepressants,7179.161,7179161.0,57495666,124.86,30,4.16,0.41600000000000004,14.3,14.2,0.7,10.8,10.4,1.0,18.1,18.1,0.8,75.1,71.0,20.4,7512.3,7173.0,969.3
2022-09-01,England,Anxiolytics,2014.167,2014167.0,57495666,35.03,30,1.17,0.11699999999999999,14.3,14.2,0.7,10.8,10.4,1.0,18.1,18.1,0.8,75.1,71.0,20.4,7512.3,7173.0,969.3
2022-10-01,England,Antidepressants,7110.936,7110936.0,57544324,123.57,31,3.99,0.399,13.0,12.6,1.1,9.8,9.6,1.1,16.1,16.3,1.1,83.3,82.0,28.4,6561.1,6261.0,1110.9
2022-10-01,England,Anxiolytics,1977.723,1977723.0,57544324,34.37,31,1.11,0.11100000000000002,13.0,12.6,1.1,9.8,9.6,1.1,16.1,16.3,1.1,83.3,82.0,28.4,6561.1,6261.0,1110.9
2022-11-01,England,Antidepressants,7292.176,7292176.0,57592983,126.62,30,4.22,0.422,9.4,9.1,1.0,6.8,6.5,1.0,11.6,11.4,1.1,119.7,107.0,43.5,3354.8,3432.0,729.3
2022-11-01,England,Anxiolytics,2012.762,2012762.0,57592983,34.95,30,1.16,0.11599999999999999,9.4,9.1,1.0,6.8,6.5,1.0,11.6,11.4,1.1,119.7,107.0,43.5,3354.8,3432.0,729.3
2022-12-01,England,Antidepressants,7271.482,7271482.0,57641642,126.15,31,4.07,0.40700000000000003,4.2,3.8,1.1,2.0,1.6,1.1,6.5,6.3,1.1,70.4,64.0,29.0,3203.8,3158.0,473.7
2022-12-01,England,Anxiolytics,2011.057,2011057.0,57641642,34.89,31,1.13,0.11299999999999999,4.2,3.8,1.1,2.0,1.6,1.1,6.5,6.3,1.1,70.4,64.0,29.0,3203.8,3158.0,473.7
2023-01-01,England,Antidepressants,7323.511,7323511.0,57690300,126.95,31,4.1,0.41,5.5,5.3,0.8,2.8,2.5,0.9,8.0,8.1,0.8,68.6,62.5,25.2,4070.0,4041.0,561.9
2023-01-01,England,Anxiolytics,2019.462,2019462.0,57690300,35.01,31,1.13,0.11299999999999999,5.5,5.3,0.8,2.8,2.5,0.9,8.0,8.1,0.8,68.6,62.5,25.2,4070.0,4041.0,561.9
2023-02-01,England,Antidepressants,6747.82,6747820.0,57749217,116.85,28,4.17,0.417,6.6,6.5,0.5,3.7,3.9,0.9,9.5,9.4,0.5,13.2,9.0,16.2,4537.9,4375.0,836.0
2023-02-01,England,Anxiolytics,1859.622,1859622.0,57749217,32.2,28,1.15,0.11499999999999999,6.6,6.5,0.5,3.7,3.9,0.9,9.5,9.4,0.5,13.2,9.0,16.2,4537.9,4375.0,836.0
2023-03-01,England,Antidepressants,7718.343,7718343.0,57808133,133.52,31,4.31,0.43099999999999994,6.9,6.9,0.9,4.3,4.0,1.1,9.6,9.6,0.7,94.7,93.0,31.4,4725.7,4560.0,882.5
2023-03-01,England,Anxiolytics,2120.432,2120432.0,57808133,36.68,31,1.18,0.118,6.9,6.9,0.9,4.3,4.0,1.1,9.6,9.6,0.7,94.7,93.0,31.4,4725.7,4560.0,882.5
2023-04-01,England,Antidepressants,6910.749,6910749.0,57867050,119.42,30,3.98,0.398,8.5,8.4,0.7,4.9,4.8,0.9,12.0,12.2,0.8,66.0,65.5,13.8,8720.7,8381.0,1209.0
2023-04-01,England,Anxiolytics,1889.26,1889260.0,57867050,32.65,30,1.09,0.10900000000000001,8.5,8.4,0.7,4.9,4.8,0.9,12.0,12.2,0.8,66.0,65.5,13.8,8720.7,8381.0,1209.0
2023-05-01,England,Antidepressants,7381.945,7381945.0,57925967,127.44,31,4.11,0.41100000000000003,12.5,12.5,0.8,8.3,8.1,0.7,16.6,16.8,1.1,41.5,38.0,15.3,12088.5,11213.0,1679.5
2023-05-01,England,Anxiolytics,2015.014,2015014.0,57925967,34.79,31,1.12,0.11200000000000002,12.5,12.5,0.8,8.3,8.1,0.7,16.6,16.8,1.1,41.5,38.0,15.3,12088.5,11213.0,1679.5
2023-06-01,England,Antidepressants,7498.258,7498258.0,57984883,129.31,30,4.31,0.43099999999999994,16.7,16.8,1.0,12.0,12.0,1.0,21.5,22.0,1.4,43.6,47.0,18.8,14726.5,14943.0,1748.4
2023-06-01,England,Anxiolytics,2040.198,2040198.0,57984883,35.18,30,1.17,0.11699999999999999,16.7,16.8,1.0,12.0,12.0,1.0,21.5,22.0,1.4,43.6,47.0,18.8,14726.5,14943.0,1748.4
2023-07-01,England,Antidepressants,7315.126,7315126.0,58043800,126.03,31,4.07,0.40700000000000003,16.2,16.2,0.7,12.8,12.7,0.9,19.6,19.4,0.9,103.9,106.5,36.9,9512.9,9481.0,1269.4
2023-07-01,England,Anxiolytics,1988.082,1988082.0,58043800,34.25,31,1.1,0.11000000000000001,16.2,16.2,0.7,12.8,12.7,0.9,19.6,19.4,0.9,103.9,106.5,36.9,9512.9,9481.0,1269.4
2023-08-01,England,Antidepressants,7482.958,7482958.0,58102717,128.79,31,4.15,0.41500000000000004,16.2,16.3,0.7,12.7,12.5,0.8,19.9,19.9,0.9,69.8,70.0,21.9,9656.5,9063.0,1637.6
2023-08-01,England,Anxiolytics,2051.009,2051009.0,58102717,35.3,31,1.14,0.11399999999999999,16.2,16.3,0.7,12.7,12.5,0.8,19.9,19.9,0.9,69.8,70.0,21.9,9656.5,9063.0,1637.6
2023-09-01,England,Antidepressants,7335.281,7335281.0,58161633,126.12,30,4.2,0.42000000000000004,16.5,16.6,1.1,12.7,12.4,1.0,20.6,20.8,1.4,69.9,71.0,25.1,8116.2,8092.0,1405.4
2023-09-01,England,Anxiolytics,1997.259,1997259.0,58161633,34.34,30,1.14,0.11399999999999999,16.5,16.6,1.1,12.7,12.4,1.0,20.6,20.8,1.4,69.9,71.0,25.1,8116.2,8092.0,1405.4
2023-10-01,England,Antidepressants,7466.187,7466187.0,58220550,128.24,31,4.14,0.414,12.2,12.0,1.1,9.2,9.0,1.1,15.4,15.5,1.4,121.7,119.0,35.8,4816.9,4596.0,1307.0
2023-10-01,England,Anxiolytics,2028.2,2028200.0,58220550,34.84,31,1.12,0.11200000000000002,12.2,12.0,1.1,9.2,9.0,1.1,15.4,15.5,1.4,121.7,119.0,35.8,4816.9,4596.0,1307.0
2023-11-01,England,Antidepressants,7547.906,7547906.0,58279467,129.51,30,4.32,0.43200000000000005,7.5,7.1,1.0,4.9,4.7,1.0,10.0,9.7,1.1,94.6,90.0,29.1,3727.1,3489.0,850.1
2023-11-01,England,Anxiolytics,2033.913,2033913.0,58279467,34.9,30,1.16,0.11599999999999999,7.5,7.1,1.0,4.9,4.7,1.0,10.0,9.7,1.1,94.6,90.0,29.1,3727.1,3489.0,850.1
2023-12-01,England,Antidepressants,7477.14,7477140.0,58338383,128.17,31,4.13,0.413,7.3,7.0,1.1,5.0,4.7,1.1,9.2,9.0,1.2,116.2,115.0,39.0,2030.7,2140.0,481.4
2023-12-01,England,Anxiolytics,2022.731,2022731.0,58338383,34.67,31,1.12,0.11200000000000002,7.3,7.0,1.1,5.0,4.7,1.1,9.2,9.0,1.2,116.2,115.0,39.0,2030.7,2140.0,481.4
2024-01-01,England,Antidepressants,7758.26,7758260.0,58397300,132.85,31,4.29,0.429,4.9,4.9,0.6,2.3,2.1,0.7,7.5,7.5,0.6,64.7,63.0,23.4,3930.7,3962.0,667.1
2024-01-01,England,Anxiolytics,2088.692,2088692.0,58397300,35.77,31,1.15,0.11499999999999999,4.9,4.9,0.6,2.3,2.1,0.7,7.5,7.5,0.6,64.7,63.0,23.4,3930.7,3962.0,667.1
2024-02-01,England,Antidepressants,7283.95,7283950.0,58451692,124.61,29,4.3,0.43,7.9,7.8,0.8,5.2,4.9,0.9,10.5,10.7,0.8,107.8,104.0,30.5,2704.7,2614.0,795.7
2024-02-01,England,Anxiolytics,1960.64,1960640.0,58451692,33.54,29,1.16,0.11599999999999999,7.9,7.8,0.8,5.2,4.9,0.9,10.5,10.7,0.8,107.8,104.0,30.5,2704.7,2614.0,795.7
2024-03-01,England,Antidepressants,7411.058,7411058.0,58506083,126.67,31,4.09,0.409,7.9,7.8,0.7,5.0,4.8,0.7,10.8,11.0,0.9,86.6,87.0,44.9,4355.5,4193.0,1119.9
2024-03-01,England,Anxiolytics,1976.358,1976358.0,58506083,33.78,31,1.09,0.10900000000000001,7.9,7.8,0.7,5.0,4.8,0.7,10.8,11.0,0.9,86.6,87.0,44.9,4355.5,4193.0,1119.9
2024-04-01,England,Antidepressants,7654.372,7654372.0,58560475,130.71,30,4.36,0.43600000000000005,9.4,9.4,0.7,6.3,6.0,0.8,12.5,12.6,1.0,68.9,71.0,26.5,6007.5,5702.0,1584.7
2024-04-01,England,Anxiolytics,2033.611,2033611.0,58560475,34.73,30,1.16,0.11599999999999999,9.4,9.4,0.7,6.3,6.0,0.8,12.5,12.6,1.0,68.9,71.0,26.5,6007.5,5702.0,1584.7
2024-05-01,England,Antidepressants,7843.3330000000005,7843333.0,58614867,133.81,31,4.32,0.43200000000000005,13.5,13.6,0.6,9.9,9.9,0.4,17.2,17.5,1.0,79.9,75.5,26.4,8086.4,7747.0,2175.9
2024-05-01,England,Anxiolytics,2086.934,2086934.0,58614867,35.6,31,1.15,0.11499999999999999,13.5,13.6,0.6,9.9,9.9,0.4,17.2,17.5,1.0,79.9,75.5,26.4,8086.4,7747.0,2175.9
2024-06-01,England,Antidepressants,7300.71,7300710.0,58669258,124.44,30,4.15,0.41500000000000004,14.4,14.6,0.7,10.0,10.0,0.5,18.3,18.3,1.1,41.1,32.5,41.5,10316.3,10423.0,2463.3
2024-06-01,England,Anxiolytics,1932.4270000000001,1932427.0,58669258,32.94,30,1.1,0.11000000000000001,14.4,14.6,0.7,10.0,10.0,0.5,18.3,18.3,1.1,41.1,32.5,41.5,10316.3,10423.0,2463.3
2024-07-01,England,Antidepressants,7960.312,7960312.0,58723650,135.56,31,4.37,0.437,16.3,16.4,0.8,12.2,12.1,0.7,20.1,20.2,1.1,73.7,67.0,22.8,8568.7,8245.0,1906.0
2024-07-01,England,Anxiolytics,2108.524,2108524.0,58723650,35.91,31,1.16,0.11599999999999999,16.3,16.4,0.8,12.2,12.1,0.7,20.1,20.2,1.1,73.7,67.0,22.8,8568.7,8245.0,1906.0
2024-08-01,England,Antidepressants,7649.033,7649033.0,58778042,130.13,31,4.2,0.42000000000000004,17.1,17.0,0.9,13.1,13.0,0.9,21.0,20.8,1.3,32.2,28.0,13.5,9113.2,8817.0,2409.4
2024-08-01,England,Anxiolytics,2033.041,2033041.0,58778042,34.59,31,1.12,0.11200000000000002,17.1,17.0,0.9,13.1,13.0,0.9,21.0,20.8,1.3,32.2,28.0,13.5,9113.2,8817.0,2409.4
2024-09-01,England,Antidepressants,7514.339,7514339.0,58832433,127.72,30,4.26,0.426,13.8,13.8,0.9,10.6,10.3,0.8,17.3,17.2,1.2,99.8,103.0,38.8,7042.0,6920.0,718.3
2024-09-01,England,Anxiolytics,1990.3880000000001,1990388.0,58832433,33.83,30,1.13,0.11299999999999999,13.8,13.8,0.9,10.6,10.3,0.8,17.3,17.2,1.2,99.8,103.0,38.8,7042.0,6920.0,718.3
2024-10-01,England,Antidepressants,7990.996,7990996.0,58886825,135.7,31,4.38,0.438,11.6,11.3,0.9,8.6,8.5,0.9,14.6,14.2,0.9,76.2,72.0,25.9,5353.6,5179.0,978.6
2024-10-01,England,Anxiolytics,2119.927,2119927.0,58886825,36.0,31,1.16,0.11599999999999999,11.6,11.3,0.9,8.6,8.5,0.9,14.6,14.2,0.9,76.2,72.0,25.9,5353.6,5179.0,978.6
2024-11-01,England,Antidepressants,7646.923,7646923.0,58941217,129.74,30,4.32,0.43200000000000005,7.7,7.2,1.1,5.1,4.8,1.1,10.2,9.7,1.1,64.8,61.0,23.8,3114.7,2988.0,589.1
2024-11-01,England,Anxiolytics,2014.044,2014044.0,58941217,34.17,30,1.14,0.11399999999999999,7.7,7.2,1.1,5.1,4.8,1.1,10.2,9.7,1.1,64.8,61.0,23.8,3114.7,2988.0,589.1
2024-12-01,England,Antidepressants,7842.225,7842225.0,58995608,132.93,31,4.29,0.429,7.4,7.2,0.6,5.4,5.3,0.6,9.2,9.0,0.6,68.1,59.0,32.0,1902.3,1868.0,398.7
2024-12-01,England,Anxiolytics,2081.373,2081373.0,58995608,35.28,31,1.14,0.11399999999999999,7.4,7.2,0.6,5.4,5.3,0.6,9.2,9.0,0.6,68.1,59.0,32.0,1902.3,1868.0,398.7
2025-01-01,England,Antidepressants,8082.903,8082903.0,59050000,136.88,31,4.42,0.442,3.7,3.4,1.1,1.1,1.1,1.0,6.2,5.9,1.2,94.0,87.5,25.6,3909.5,3732.0,586.7
2025-01-01,England,Anxiolytics,2128.624,2128624.0,59050000,36.05,31,1.16,0.11599999999999999,3.7,3.4,1.1,1.1,1.1,1.0,6.2,5.9,1.2,94.0,87.5,25.6,3909.5,3732.0,586.7
2025-02-01,England,Antidepressants,7219.092,7219092.0,59093393,122.16,28,4.36,0.43600000000000005,5.4,5.2,0.8,3.2,2.9,0.9,7.7,7.6,0.7,42.9,40.0,24.2,3098.2,3105.0,630.6
2025-02-01,England,Anxiolytics,1903.891,1903891.0,59093393,32.22,28,1.15,0.11499999999999999,5.4,5.2,0.8,3.2,2.9,0.9,7.7,7.6,0.7,42.9,40.0,24.2,3098.2,3105.0,630.6
2025-03-01,England,Antidepressants,7686.869,7686869.0,59136786,129.98,31,4.19,0.41900000000000004,7.6,7.5,0.4,3.7,3.5,0.8,11.7,11.5,0.8,39.1,22.0,41.0,7890.1,7157.0,2538.2
2025-03-01,England,Anxiolytics,2011.999,2011999.0,59136786,34.02,31,1.1,0.11000000000000001,7.6,7.5,0.4,3.7,3.5,0.8,11.7,11.5,0.8,39.1,22.0,41.0,7890.1,7157.0,2538.2
2025-04-01,England,Antidepressants,7697.756,7697756.0,59180180,130.07,30,4.34,0.434,10.4,10.4,0.5,5.7,5.5,1.0,15.2,15.3,0.9,43.5,19.0,45.9,10968.1,10511.0,2423.1
2025-04-01,England,Anxiolytics,2025.241,2025241.0,59180180,34.22,30,1.14,0.11399999999999999,10.4,10.4,0.5,5.7,5.5,1.0,15.2,15.3,0.9,43.5,19.0,45.9,10968.1,10511.0,2423.1
2025-05-01,England,Antidepressants,7957.452,7957452.0,59223573,134.36,31,4.33,0.433,13.3,13.4,0.9,8.6,8.5,1.1,17.8,18.1,1.3,33.1,31.0,15.5,11011.0,10366.0,2304.5
2025-05-01,England,Anxiolytics,2084.118,2084118.0,59223573,35.19,31,1.14,0.11399999999999999,13.3,13.4,0.9,8.6,8.5,1.1,17.8,18.1,1.3,33.1,31.0,15.5,11011.0,10366.0,2304.5
2025-06-01,England,Antidepressants,7722.395,7722395.0,59266966,130.3,30,4.34,0.434,17.2,17.1,0.8,13.0,13.0,0.7,21.3,20.9,1.4,50.6,47.5,28.3,10556.9,9619.0,3836.2
2025-06-01,England,Anxiolytics,2022.729,2022729.0,59266966,34.13,30,1.14,0.11399999999999999,17.2,17.1,0.8,13.0,13.0,0.7,21.3,20.9,1.4,50.6,47.5,28.3,10556.9,9619.0,3836.2
2025-07-01,England,Antidepressants,8239.519,8239519.0,59310359,138.92,31,4.48,0.44800000000000006,18.2,18.2,0.8,14.1,13.8,0.8,22.3,22.4,1.2,56.2,54.5,14.0,10996.4,10448.0,2338.7
2025-07-01,England,Anxiolytics,2157.961,2157961.0,59310359,36.38,31,1.17,0.11699999999999999,18.2,18.2,0.8,14.1,13.8,0.8,22.3,22.4,1.2,56.2,54.5,14.0,10996.4,10448.0,2338.7
2025-08-01,England,Antidepressants,7576.557,7576557.0,59353753,127.65,31,4.12,0.41200000000000003,17.6,17.6,0.6,13.5,13.4,0.8,21.9,21.7,0.9,33.5,27.0,19.2,11361.5,10716.0,1700.4
2025-08-01,England,Anxiolytics,1994.278,1994278.0,59353753,33.6,31,1.08,0.10800000000000001,17.6,17.6,0.6,13.5,13.4,0.8,21.9,21.7,0.9,33.5,27.0,19.2,11361.5,10716.0,1700.4
2025-09-01,England,Antidepressants,7997.04,7997040.0,59397146,134.64,30,4.49,0.449,13.9,14.0,0.6,10.3,10.1,1.0,17.8,17.9,0.7,84.7,78.0,24.0,8581.8,8390.0,1085.6
2025-09-01,England,Anxiolytics,2107.819,2107819.0,59397146,35.49,30,1.18,0.118,13.9,14.0,0.6,10.3,10.1,1.0,17.8,17.9,0.7,84.7,78.0,24.0,8581.8,8390.0,1085.6
2025-10-01,England,Antidepressants,8246.434,8246434.0,59440539,138.73,31,4.48,0.44800000000000006,11.6,11.5,0.7,9.0,8.8,0.7,14.3,13.9,0.7,71.0,71.0,14.3,5226.7,5124.0,684.6
2025-10-01,England,Anxiolytics,2171.225,2171225.0,59440539,36.53,31,1.18,0.118,11.6,11.5,0.7,9.0,8.8,0.7,14.3,13.9,0.7,71.0,71.0,14.3,5226.7,5124.0,684.6
2025-11-01,England,Antidepressants,7607.958,7607958.0,59483932,127.9,30,4.26,0.426,8.7,8.3,0.9,6.1,5.8,1.0,10.9,10.8,1.0,116.3,118.0,20.8,3455.3,3289.0,449.2
2025-11-01,England,Anxiolytics,1989.381,1989381.0,59483932,33.44,30,1.11,0.11100000000000002,8.7,8.3,0.9,6.1,5.8,1.0,10.9,10.8,1.0,116.3,118.0,20.8,3455.3,3289.0,449.2
2025-12-01,England,Antidepressants,8383.184,8383184.0,59527325,140.83,31,4.54,0.454,7.4,7.3,0.7,5.0,4.9,0.8,9.3,9.1,0.6,95.7,85.0,37.5,2913.4,2783.0,525.6
2025-12-01,England,Anxiolytics,2216.274,2216274.0,59527325,37.23,31,1.2,0.12,7.4,7.3,0.7,5.0,4.9,0.8,9.3,9.1,0.6,95.7,85.0,37.5,2913.4,2783.0,525.6
2021-01-01,Spain,Anxiolytics,4802.61,4802610.0,47400798,101.32,31,3.27,0.327,8.5,8.7,2.7,4.1,4.6,2.8,12.8,12.6,3.0,97.1,68.0,71.9,8581.9,9510.0,3109.1
2021-01-01,Spain,Antidepressants,3892.41,3892410.0,47400798,82.12,31,2.65,0.265,8.5,8.7,2.7,4.1,4.6,2.8,12.8,12.6,3.0,97.1,68.0,71.9,8581.9,9510.0,3109.1
2021-02-01,Spain,Anxiolytics,4619.32,4619320.0,47385887,97.48,28,3.48,0.348,12.4,12.8,1.9,8.1,9.0,2.1,16.7,16.7,1.9,69.5,34.0,96.6,7773.8,8400.0,1835.5
2021-02-01,Spain,Antidepressants,3720.43,3720430.0,47385887,78.51,28,2.8,0.27999999999999997,12.4,12.8,1.9,8.1,9.0,2.1,16.7,16.7,1.9,69.5,34.0,96.6,7773.8,8400.0,1835.5
2021-03-01,Spain,Anxiolytics,5296.63,5296630.0,47370976,111.81,31,3.61,0.361,12.4,12.0,1.9,7.0,7.0,2.2,17.8,17.1,2.0,20.9,18.0,16.7,13130.6,13500.0,2619.6
2021-03-01,Spain,Antidepressants,4335.07,4335070.0,47370976,91.51,31,2.95,0.29500000000000004,12.4,12.0,1.9,7.0,7.0,2.2,17.8,17.1,2.0,20.9,18.0,16.7,13130.6,13500.0,2619.6
2021-04-01,Spain,Anxiolytics,4896.67,4896670.0,47356065,103.4,30,3.45,0.34500000000000003,14.4,13.9,2.3,9.5,9.3,2.7,19.3,18.6,2.3,57.1,54.5,23.3,11175.0,10680.0,1700.6
2021-04-01,Spain,Antidepressants,4022.2,4022200.0,47356065,84.94,30,2.83,0.28300000000000003,14.4,13.9,2.3,9.5,9.3,2.7,19.3,18.6,2.3,57.1,54.5,23.3,11175.0,10680.0,1700.6
2021-05-01,Spain,Anxiolytics,4917.09,4917090.0,47352989,103.84,31,3.35,0.335,17.9,18.2,2.8,12.2,12.9,3.0,23.6,24.8,3.5,42.9,27.5,39.4,16357.5,17100.0,3198.0
2021-05-01,Spain,Antidepressants,4082.91,4082910.0,47352989,86.22,31,2.78,0.27799999999999997,17.9,18.2,2.8,12.2,12.9,3.0,23.6,24.8,3.5,42.9,27.5,39.4,16357.5,17100.0,3198.0
2021-06-01,Spain,Anxiolytics,4952.42,4952420.0,47349912,104.59,30,3.49,0.34900000000000003,22.0,23.2,2.9,16.5,16.9,3.1,27.6,28.5,3.5,35.0,19.5,41.4,16635.0,17400.0,3985.0
2021-06-01,Spain,Antidepressants,4158.32,4158319.999999999,47349912,87.82,30,2.93,0.29300000000000004,22.0,23.2,2.9,16.5,16.9,3.1,27.6,28.5,3.5,35.0,19.5,41.4,16635.0,17400.0,3985.0
2021-07-01,Spain,Anxiolytics,4955.85,4955850.0,47346836,104.67,31,3.38,0.33799999999999997,24.4,25.6,3.8,18.5,19.5,3.4,30.3,31.8,5.0,9.8,4.0,12.9,18922.5,21240.0,5191.2
2021-07-01,Spain,Antidepressants,4211.59,4211590.0,47346836,88.95,31,2.87,0.28700000000000003,24.4,25.6,3.8,18.5,19.5,3.4,30.3,31.8,5.0,9.8,4.0,12.9,18922.5,21240.0,5191.2
2021-08-01,Spain,Anxiolytics,4795.06,4795060.0,47372756,101.22,31,3.27,0.327,24.8,26.0,3.6,19.1,19.8,3.6,30.6,31.6,4.4,15.9,15.5,13.3,17212.5,16920.0,3937.7
2021-08-01,Spain,Antidepressants,4062.87,4062870.0,47372756,85.76,31,2.77,0.277,24.8,26.0,3.6,19.1,19.8,3.6,30.6,31.6,4.4,15.9,15.5,13.3,17212.5,16920.0,3937.7
2021-09-01,Spain,Anxiolytics,4906.27,4906270.0,47398675,103.51,30,3.45,0.34500000000000003,22.4,23.0,2.7,17.2,17.8,2.8,27.4,27.4,2.7,60.8,54.5,36.6,13320.0,13350.0,2449.2
2021-09-01,Spain,Antidepressants,4166.35,4166350.000000001,47398675,87.9,30,2.93,0.29300000000000004,22.4,23.0,2.7,17.2,17.8,2.8,27.4,27.4,2.7,60.8,54.5,36.6,13320.0,13350.0,2449.2
2021-10-01,Spain,Anxiolytics,4909.11,4909110.0,47424595,103.51,31,3.34,0.33399999999999996,17.9,17.5,2.7,12.4,12.6,2.9,23.5,22.8,2.8,46.1,33.0,48.9,13387.5,14070.0,2507.0
2021-10-01,Spain,Antidepressants,4167.01,4167010.0,47424595,87.87,31,2.83,0.28300000000000003,17.9,17.5,2.7,12.4,12.6,2.9,23.5,22.8,2.8,46.1,33.0,48.9,13387.5,14070.0,2507.0
2021-11-01,Spain,Anxiolytics,4991.6,4991600.0,47445306,105.21,30,3.51,0.351,11.7,11.7,2.4,7.1,7.6,2.5,16.4,15.6,2.8,88.4,55.5,113.1,10117.5,11190.0,3364.3
2021-11-01,Spain,Antidepressants,4282.77,4282770.0,47445306,90.27,30,3.01,0.301,11.7,11.7,2.4,7.1,7.6,2.5,16.4,15.6,2.8,88.4,55.5,113.1,10117.5,11190.0,3364.3
2021-12-01,Spain,Anxiolytics,5026.71,5026710.0,47466016,105.9,31,3.42,0.34199999999999997,11.4,11.8,2.5,7.0,7.6,2.4,15.8,16.6,3.0,83.0,30.5,98.9,8347.5,8220.0,2567.6
2021-12-01,Spain,Antidepressants,4359.15,4359150.0,47466016,91.84,31,2.96,0.296,11.4,11.8,2.5,7.0,7.6,2.4,15.8,16.6,3.0,83.0,30.5,98.9,8347.5,8220.0,2567.6
2022-01-01,Spain,Anxiolytics,4886.74,4886740.0,47486727,102.91,31,3.32,0.33199999999999996,9.1,9.2,2.5,3.6,3.6,3.2,14.6,14.1,2.1,28.2,12.0,40.5,11647.5,11700.0,2504.3
2022-01-01,Spain,Antidepressants,4231.76,4231760.0,47486727,89.11,31,2.87,0.28700000000000003,9.1,9.2,2.5,3.6,3.6,3.2,14.6,14.1,2.1,28.2,12.0,40.5,11647.5,11700.0,2504.3
2022-02-01,Spain,Anxiolytics,4594.9,4594900.0,47527533,96.68,28,3.45,0.34500000000000003,11.4,11.2,2.2,5.7,5.6,2.8,17.1,16.2,2.2,13.9,7.0,17.5,10710.0,11010.0,2323.6
2022-02-01,Spain,Antidepressants,3997.28,3997280.0,47527533,84.1,28,3.0,0.3,11.4,11.2,2.2,5.7,5.6,2.8,17.1,16.2,2.2,13.9,7.0,17.5,10710.0,11010.0,2323.6
2022-03-01,Spain,Anxiolytics,5351.99,5351990.0,47568339,112.51,31,3.63,0.363,12.3,12.8,1.8,8.4,9.0,2.1,16.3,16.2,1.8,119.5,110.5,63.6,6690.0,6510.0,1575.4
2022-03-01,Spain,Antidepressants,4627.74,4627740.0,47568339,97.29,31,3.14,0.314,12.3,12.8,1.8,8.4,9.0,2.1,16.3,16.2,1.8,119.5,110.5,63.6,6690.0,6510.0,1575.4
2022-04-01,Spain,Anxiolytics,4851.31,4851310.0,47609145,101.9,30,3.4,0.33999999999999997,14.1,14.4,2.0,8.9,9.2,2.2,19.3,19.0,2.0,58.6,53.0,32.6,12945.0,12660.0,2391.1
2022-04-01,Spain,Antidepressants,4280.28,4280280.0,47609145,89.9,30,3.0,0.3,14.1,14.4,2.0,8.9,9.2,2.2,19.3,19.0,2.0,58.6,53.0,32.6,12945.0,12660.0,2391.1
2022-05-01,Spain,Anxiolytics,4983.82,4983820.0,47666548,104.56,31,3.37,0.337,20.0,20.4,2.3,13.9,14.4,2.3,26.2,26.8,3.1,35.4,17.5,50.4,17917.5,19740.0,3470.7
2022-05-01,Spain,Antidepressants,4456.24,4456240.0,47666548,93.49,31,3.02,0.302,20.0,20.4,2.3,13.9,14.4,2.3,26.2,26.8,3.1,35.4,17.5,50.4,17917.5,19740.0,3470.7
2022-06-01,Spain,Anxiolytics,4863.77,4863770.0,47723951,101.91,30,3.4,0.33999999999999997,23.8,25.3,3.6,17.8,18.7,3.1,29.7,31.6,4.6,21.5,3.5,37.5,17865.0,20340.0,4973.7
2022-06-01,Spain,Antidepressants,4400.53,4400530.0,47723951,92.21,30,3.07,0.307,23.8,25.3,3.6,17.8,18.7,3.1,29.7,31.6,4.6,21.5,3.5,37.5,17865.0,20340.0,4973.7
2022-07-01,Spain,Anxiolytics,4732.62,4732620.0,47781354,99.05,31,3.2,0.32,26.6,27.4,3.1,20.2,21.2,3.0,33.1,32.3,4.1,3.6,2.5,3.3,21120.0,21150.0,2401.7
2022-07-01,Spain,Antidepressants,4311.05,4311050.0,47781354,90.22,31,2.91,0.29100000000000004,26.6,27.4,3.1,20.2,21.2,3.0,33.1,32.3,4.1,3.6,2.5,3.3,21120.0,21150.0,2401.7
2022-08-01,Spain,Anxiolytics,4857.41,4857410.0,47834334,101.55,31,3.28,0.32799999999999996,26.4,27.4,2.7,20.4,21.0,2.8,32.4,33.3,3.2,22.8,17.5,27.1,18795.0,19830.0,2737.5
2022-08-01,Spain,Antidepressants,4418.61,4418610.0,47834334,92.37,31,2.98,0.298,26.4,27.4,2.7,20.4,21.0,2.8,32.4,33.3,3.2,22.8,17.5,27.1,18795.0,19830.0,2737.5
2022-09-01,Spain,Anxiolytics,4873.08,4873080.0,47887315,101.76,30,3.39,0.339,22.6,23.3,2.8,17.0,17.4,3.0,28.2,28.2,3.0,41.9,14.0,50.6,14257.5,14790.0,2884.1
2022-09-01,Spain,Antidepressants,4409.86,4409860.0,47887315,92.09,30,3.07,0.307,22.6,23.3,2.8,17.0,17.4,3.0,28.2,28.2,3.0,41.9,14.0,50.6,14257.5,14790.0,2884.1
2022-10-01,Spain,Anxiolytics,4859.99,4859990.0,47940295,101.38,31,3.27,0.327,20.2,20.9,2.2,15.2,16.0,2.2,25.2,25.6,2.7,45.5,28.5,69.2,10245.0,10740.0,1956.0
2022-10-01,Spain,Antidepressants,4425.35,4425350.0,47940295,92.31,31,2.98,0.298,20.2,20.9,2.2,15.2,16.0,2.2,25.2,25.6,2.7,45.5,28.5,69.2,10245.0,10740.0,1956.0
2022-11-01,Spain,Anxiolytics,4876.35,4876350.0,47988650,101.61,30,3.39,0.339,14.6,15.1,2.6,9.9,10.2,2.4,19.3,19.4,2.9,92.1,30.0,95.9,8407.5,8310.0,2539.6
2022-11-01,Spain,Antidepressants,4465.29,4465290.0,47988650,93.05,30,3.1,0.31,14.6,15.1,2.6,9.9,10.2,2.4,19.3,19.4,2.9,92.1,30.0,95.9,8407.5,8310.0,2539.6
2022-12-01,Spain,Anxiolytics,4936.02,4936020.0,48037006,102.75,31,3.31,0.331,12.1,12.5,2.3,8.1,8.6,1.9,16.2,16.5,2.8,119.1,98.5,126.7,6412.5,6600.0,2155.8
2022-12-01,Spain,Antidepressants,4491.21,4491210.0,48037006,93.49,31,3.02,0.302,12.1,12.5,2.3,8.1,8.6,1.9,16.2,16.5,2.8,119.1,98.5,126.7,6412.5,6600.0,2155.8
2023-01-01,Spain,Anxiolytics,4908.59,4908590.0,48085361,102.08,31,3.29,0.329,9.1,9.2,2.3,4.4,4.5,2.2,13.8,13.5,2.7,76.6,11.0,126.1,10035.0,11370.0,3440.3
2023-01-01,Spain,Antidepressants,4528.7,4528700.0,48085361,94.18,31,3.04,0.304,9.1,9.2,2.3,4.4,4.5,2.2,13.8,13.5,2.7,76.6,11.0,126.1,10035.0,11370.0,3440.3
2023-02-01,Spain,Anxiolytics,4511.07,4511070.0,48125561,93.74,28,3.35,0.335,9.5,9.4,2.1,3.8,3.8,2.8,15.2,14.5,1.8,26.8,24.0,22.1,11167.5,11040.0,1474.4
2023-02-01,Spain,Antidepressants,4155.96,4155960.0,48125561,86.36,28,3.08,0.308,9.5,9.4,2.1,3.8,3.8,2.8,15.2,14.5,1.8,26.8,24.0,22.1,11167.5,11040.0,1474.4
2023-03-01,Spain,Anxiolytics,5133.09,5133090.0,48165762,106.57,31,3.44,0.344,14.2,14.4,2.1,8.2,8.5,1.8,20.3,20.4,2.9,32.9,8.0,66.3,14287.5,15990.0,3808.3
2023-03-01,Spain,Antidepressants,4765.71,4765710.0,48165762,98.94,31,3.19,0.319,14.2,14.4,2.1,8.2,8.5,1.8,20.3,20.4,2.9,32.9,8.0,66.3,14287.5,15990.0,3808.3
2023-04-01,Spain,Anxiolytics,4601.63,4601630.0,48205962,95.46,30,3.18,0.318,16.8,16.8,2.5,10.3,10.8,2.1,23.2,24.0,3.6,22.0,5.5,36.1,16965.0,18150.0,3073.6
2023-04-01,Spain,Antidepressants,4297.49,4297490.0,48205962,89.15,30,2.97,0.29700000000000004,16.8,16.8,2.5,10.3,10.8,2.1,23.2,24.0,3.6,22.0,5.5,36.1,16965.0,18150.0,3073.6
2023-05-01,Spain,Anxiolytics,5064.9,5064900.0,48244148,104.98,31,3.39,0.339,18.7,18.8,2.1,13.3,13.9,2.2,24.1,24.6,2.6,56.0,56.5,34.9,15885.0,15870.0,2783.0
2023-05-01,Spain,Antidepressants,4744.09,4744090.0,48244148,98.34,31,3.17,0.317,18.7,18.8,2.1,13.3,13.9,2.2,24.1,24.6,2.6,56.0,56.5,34.9,15885.0,15870.0,2783.0
2023-06-01,Spain,Anxiolytics,4845.16,4845160.0,48282334,100.35,30,3.35,0.335,23.3,23.8,2.3,18.0,18.8,2.4,28.7,29.5,2.9,48.4,33.0,41.5,16117.5,17070.0,2935.9
2023-06-01,Spain,Antidepressants,4578.76,4578760.0,48282334,94.83,30,3.16,0.316,23.3,23.8,2.3,18.0,18.8,2.4,28.7,29.5,2.9,48.4,33.0,41.5,16117.5,17070.0,2935.9
2023-07-01,Spain,Anxiolytics,4748.94,4748940.0,48320520,98.28,31,3.17,0.317,25.9,27.2,4.0,20.2,20.5,4.0,31.6,33.0,4.9,15.4,10.0,16.9,18855.0,20130.0,5102.6
2023-07-01,Spain,Antidepressants,4553.85,4553850.0,48320520,94.24,31,3.04,0.304,25.9,27.2,4.0,20.2,20.5,4.0,31.6,33.0,4.9,15.4,10.0,16.9,18855.0,20130.0,5102.6
2023-08-01,Spain,Anxiolytics,4746.33,4746330.0,48375968,98.11,31,3.16,0.316,26.3,27.5,3.4,20.2,20.8,3.3,32.4,33.5,4.4,25.2,8.5,34.3,19012.5,20370.0,3766.1
2023-08-01,Spain,Antidepressants,4586.94,4586940.0,48375968,94.82,31,3.06,0.306,26.3,27.5,3.4,20.2,20.8,3.3,32.4,33.5,4.4,25.2,8.5,34.3,19012.5,20370.0,3766.1
2023-09-01,Spain,Anxiolytics,4704.04,4704040.0,48431417,97.13,30,3.24,0.324,22.6,23.4,2.1,17.5,17.6,2.4,27.8,28.4,2.2,88.9,72.0,64.8,14115.0,14970.0,2155.2
2023-09-01,Spain,Antidepressants,4516.32,4516320.0,48431417,93.25,30,3.11,0.311,22.6,23.4,2.1,17.5,17.6,2.4,27.8,28.4,2.2,88.9,72.0,64.8,14115.0,14970.0,2155.2
2023-10-01,Spain,Anxiolytics,4878.43,4878430.0,48486865,100.61,31,3.25,0.325,19.9,20.5,2.0,14.8,15.4,2.1,25.0,25.6,2.3,103.8,76.5,110.6,11640.0,12570.0,2181.3
2023-10-01,Spain,Antidepressants,4718.6,4718600.0,48486865,97.32,31,3.14,0.314,19.9,20.5,2.0,14.8,15.4,2.1,25.0,25.6,2.3,103.8,76.5,110.6,11640.0,12570.0,2181.3
2023-11-01,Spain,Anxiolytics,4750.0,4750000.0,48531142,97.88,30,3.26,0.32599999999999996,14.6,14.6,2.3,9.8,10.0,1.7,19.2,18.8,3.1,82.6,34.0,119.7,9727.5,10440.0,3930.9
2023-11-01,Spain,Antidepressants,4647.14,4647140.0,48531142,95.76,30,3.19,0.319,14.6,14.6,2.3,9.8,10.0,1.7,19.2,18.8,3.1,82.6,34.0,119.7,9727.5,10440.0,3930.9
2023-12-01,Spain,Anxiolytics,4577.73,4577730.0,48575418,94.24,31,3.04,0.304,10.4,11.0,2.3,5.4,5.6,2.2,15.3,15.7,2.8,55.4,10.0,88.7,9187.5,10410.0,2980.5
2023-12-01,Spain,Antidepressants,4586.23,4586230.0,48575418,94.41,31,3.05,0.305,10.4,11.0,2.3,5.4,5.6,2.2,15.3,15.7,2.8,55.4,10.0,88.7,9187.5,10410.0,2980.5
2024-01-01,Spain,Anxiolytics,4925.65,4925650.0,48619695,101.31,31,3.27,0.327,10.9,11.4,2.4,6.4,7.2,2.2,15.5,15.6,2.7,60.8,35.0,67.4,8122.5,8400.0,1874.4
2024-01-01,Spain,Antidepressants,4862.88,4862880.0,48619695,100.02,31,3.23,0.323,10.9,11.4,2.4,6.4,7.2,2.2,15.5,15.6,2.7,60.8,35.0,67.4,8122.5,8400.0,1874.4
2024-02-01,Spain,Anxiolytics,4579.21,4579210.0,48646840,94.13,29,3.25,0.325,12.3,12.4,2.0,7.3,7.6,2.0,17.3,16.8,2.2,76.4,28.5,90.0,9607.5,10020.0,2410.8
2024-02-01,Spain,Antidepressants,4556.46,4556460.0,48646840,93.66,29,3.23,0.323,12.3,12.4,2.0,7.3,7.6,2.0,17.3,16.8,2.2,76.4,28.5,90.0,9607.5,10020.0,2410.8
2024-03-01,Spain,Anxiolytics,4522.74,4522740.0,48673985,92.92,31,3.0,0.3,13.1,13.4,2.2,8.1,8.6,2.3,18.1,18.6,2.4,102.1,66.0,78.8,10215.0,10080.0,2166.4
2024-03-01,Spain,Antidepressants,4567.78,4567780.0,48673985,93.84,31,3.03,0.303,13.1,13.4,2.2,8.1,8.6,2.3,18.1,18.6,2.4,102.1,66.0,78.8,10215.0,10080.0,2166.4
2024-04-01,Spain,Anxiolytics,4916.83,4916830.0,48701130,100.96,30,3.37,0.337,15.5,15.2,1.9,9.6,9.9,2.2,21.4,21.6,2.4,41.5,10.0,46.5,15405.0,16500.0,2462.4
2024-04-01,Spain,Antidepressants,5002.05,5002050.0,48701130,102.71,30,3.42,0.34199999999999997,15.5,15.2,1.9,9.6,9.9,2.2,21.4,21.6,2.4,41.5,10.0,46.5,15405.0,16500.0,2462.4
2024-05-01,Spain,Anxiolytics,4757.84,4757840.0,48741399,97.61,31,3.15,0.315,18.2,18.5,2.8,12.3,12.6,2.7,24.0,25.4,3.8,40.4,8.0,66.0,17317.5,18690.0,4519.1
2024-05-01,Spain,Antidepressants,4910.32,4910320.0,48741399,100.74,31,3.25,0.325,18.2,18.5,2.8,12.3,12.6,2.7,24.0,25.4,3.8,40.4,8.0,66.0,17317.5,18690.0,4519.1
2024-06-01,Spain,Anxiolytics,4413.59,4413590.0,48781667,90.48,30,3.02,0.302,21.9,22.8,2.9,16.6,17.2,2.7,27.2,28.8,3.7,40.6,36.0,25.3,15982.5,17340.0,4111.6
2024-06-01,Spain,Antidepressants,4600.18,4600180.0,48781667,94.3,30,3.14,0.314,21.9,22.8,2.9,16.6,17.2,2.7,27.2,28.8,3.7,40.6,36.0,25.3,15982.5,17340.0,4111.6
2024-07-01,Spain,Anxiolytics,4776.44,4776440.0,48821936,97.83,31,3.16,0.316,25.4,27.2,3.4,19.4,20.0,3.0,31.4,32.0,4.6,13.6,12.0,15.3,20167.5,21360.0,3857.6
2024-07-01,Spain,Antidepressants,5019.71,5019710.0,48821936,102.82,31,3.32,0.33199999999999996,25.4,27.2,3.4,19.4,20.0,3.0,31.4,32.0,4.6,13.6,12.0,15.3,20167.5,21360.0,3857.6
2024-08-01,Spain,Anxiolytics,4467.09,4467090.0,48881251,91.39,31,2.95,0.29500000000000004,26.3,27.6,3.3,20.5,21.0,3.3,32.0,32.8,4.0,19.1,9.0,30.3,18645.0,19440.0,2640.0
2024-08-01,Spain,Antidepressants,4704.82,4704820.0,48881251,96.25,31,3.1,0.31,26.3,27.6,3.3,20.5,21.0,3.3,32.0,32.8,4.0,19.1,9.0,30.3,18645.0,19440.0,2640.0
2024-09-01,Spain,Anxiolytics,4430.41,4430410.0,48940565,90.53,30,3.02,0.302,21.2,21.0,3.2,16.0,16.4,3.4,26.3,26.4,3.4,68.8,43.5,67.2,14062.5,14730.0,2474.3
2024-09-01,Spain,Antidepressants,4714.43,4714430.0,48940565,96.33,30,3.21,0.321,21.2,21.0,3.2,16.0,16.4,3.4,26.3,26.4,3.4,68.8,43.5,67.2,14062.5,14730.0,2474.3
2024-10-01,Spain,Anxiolytics,4745.81,4745810.0,48999880,96.85,31,3.12,0.312,18.6,18.8,2.2,14.3,14.2,2.1,22.9,22.9,2.4,163.1,133.0,98.0,9420.0,9060.0,1844.0
2024-10-01,Spain,Antidepressants,5054.79,5054790.0,48999880,103.16,31,3.33,0.333,18.6,18.8,2.2,14.3,14.2,2.1,22.9,22.9,2.4,163.1,133.0,98.0,9420.0,9060.0,1844.0
2024-11-01,Spain,Anxiolytics,4506.52,4506520.0,49042686,91.89,30,3.06,0.306,15.1,15.4,2.3,10.8,11.1,2.5,19.4,19.5,2.2,67.2,54.0,60.7,8445.0,8550.0,1435.3
2024-11-01,Spain,Antidepressants,4791.97,4791970.0,49042686,97.71,30,3.26,0.32599999999999996,15.1,15.4,2.3,10.8,11.1,2.5,19.4,19.5,2.2,67.2,54.0,60.7,8445.0,8550.0,1435.3
2024-12-01,Spain,Anxiolytics,4545.33,4545330.0,49085491,92.6,31,2.99,0.29900000000000004,10.5,11.1,2.4,5.7,6.2,2.5,15.3,15.1,2.8,51.1,26.0,61.5,9420.0,9690.0,3019.0
2024-12-01,Spain,Antidepressants,4887.18,4887180.0,49085491,99.56,31,3.21,0.321,10.5,11.1,2.4,5.7,6.2,2.5,15.3,15.1,2.8,51.1,26.0,61.5,9420.0,9690.0,3019.0
2025-01-01,Spain,Anxiolytics,4706.61,4706610.0,49128297,95.8,31,3.09,0.309,10.6,11.2,2.3,5.8,6.6,2.0,15.3,15.8,2.7,98.4,31.5,155.3,8685.0,8520.0,2270.4
2025-01-01,Spain,Antidepressants,5060.35,5060350.0,49128297,103.0,31,3.32,0.33199999999999996,10.6,11.2,2.3,5.8,6.6,2.0,15.3,15.8,2.7,98.4,31.5,155.3,8685.0,8520.0,2270.4
2025-02-01,Spain,Anxiolytics,4226.08,4226080.0,49128297,86.02,28,3.07,0.307,11.3,11.8,1.9,6.2,6.6,2.2,16.4,16.2,2.2,44.8,35.0,36.0,9210.0,9810.0,2171.9
2025-02-01,Spain,Antidepressants,4563.34,4563340.0,49128297,92.89,28,3.32,0.33199999999999996,11.3,11.8,1.9,6.2,6.6,2.2,16.4,16.2,2.2,44.8,35.0,36.0,9210.0,9810.0,2171.9
2025-03-01,Spain,Anxiolytics,4589.21,4589210.0,49128297,93.41,31,3.01,0.301,12.2,12.4,2.2,8.0,8.8,2.4,16.4,15.9,2.1,143.6,122.5,71.9,8617.5,8820.0,1529.3
2025-03-01,Spain,Antidepressants,5018.19,5018190.0,49128297,102.14,31,3.29,0.329,12.2,12.4,2.2,8.0,8.8,2.4,16.4,15.9,2.1,143.6,122.5,71.9,8617.5,8820.0,1529.3
2025-04-01,Spain,Anxiolytics,4490.54,4490540.0,49128297,91.4,30,3.05,0.305,15.9,15.6,1.8,10.6,11.0,2.1,21.1,20.8,2.0,61.8,49.5,52.0,13162.5,13170.0,2160.0
2025-04-01,Spain,Antidepressants,4960.36,4960360.0,49128297,100.97,30,3.37,0.337,15.9,15.6,1.8,10.6,11.0,2.1,21.1,20.8,2.0,61.8,49.5,52.0,13162.5,13170.0,2160.0
2025-05-01,Spain,Anxiolytics,4568.76,4568760.0,49128297,93.0,31,3.0,0.3,18.7,19.0,2.5,13.0,13.6,2.5,24.6,24.8,3.1,39.6,46.0,24.9,17715.0,18210.0,2318.0
2025-05-01,Spain,Antidepressants,5068.57,5068570.0,49128297,103.17,31,3.33,0.333,18.7,19.0,2.5,13.0,13.6,2.5,24.6,24.8,3.1,39.6,46.0,24.9,17715.0,18210.0,2318.0
2025-06-01,Spain,Anxiolytics,4325.21,4325210.0,49128297,88.04,30,2.93,0.29300000000000004,25.2,26.2,3.1,19.1,20.4,2.9,31.3,31.7,4.2,14.6,5.5,19.9,18037.5,18600.0,2397.6
2025-06-01,Spain,Antidepressants,4840.89,4840890.0,49128297,98.54,30,3.28,0.32799999999999996,25.2,26.2,3.1,19.1,20.4,2.9,31.3,31.7,4.2,14.6,5.5,19.9,18037.5,18600.0,2397.6
2025-07-01,Spain,Anxiolytics,4564.88,4564880.0,49128297,92.92,31,3.0,0.3,25.6,26.3,3.5,19.8,20.7,3.3,31.2,32.4,4.4,19.4,16.0,18.5,20062.5,21360.0,3316.4
2025-07-01,Spain,Antidepressants,5197.63,5197630.0,49128297,105.8,31,3.41,0.341,25.6,26.3,3.5,19.8,20.7,3.3,31.2,32.4,4.4,19.4,16.0,18.5,20062.5,21360.0,3316.4
2025-08-01,Spain,Anxiolytics,4179.57,4179569.999999999,49128297,85.07,31,2.74,0.274,26.4,27.4,3.1,20.2,21.0,3.1,32.6,33.7,3.9,23.1,9.0,31.2,18472.5,18780.0,2039.6
2025-08-01,Spain,Antidepressants,4723.19,4723190.0,49128297,96.14,31,3.1,0.31,26.4,27.4,3.1,20.2,21.0,3.1,32.6,33.7,3.9,23.1,9.0,31.2,18472.5,18780.0,2039.6
2025-09-01,Spain,Anxiolytics,4434.95,4434950.0,49128297,90.27,30,3.01,0.301,22.1,22.4,3.3,16.4,17.0,3.4,27.9,28.4,3.8,39.1,35.0,43.7,15067.5,15600.0,2338.2
2025-09-01,Spain,Antidepressants,5056.89,5056890.0,49128297,102.93,30,3.43,0.343,22.1,22.4,3.3,16.4,17.0,3.4,27.9,28.4,3.8,39.1,35.0,43.7,15067.5,15600.0,2338.2
2025-10-01,Spain,Anxiolytics,4564.21,4564210.0,49128297,92.9,31,3.0,0.3,19.3,18.7,2.7,14.0,13.9,2.9,24.6,23.8,2.9,71.4,49.5,57.2,12547.5,12510.0,1807.5
2025-10-01,Spain,Antidepressants,5219.98,5219980.0,49128297,106.25,31,3.43,0.343,19.3,18.7,2.7,14.0,13.9,2.9,24.6,23.8,2.9,71.4,49.5,57.2,12547.5,12510.0,1807.5
2025-11-01,Spain,Anxiolytics,4157.13,4157130.0,49128297,84.62,30,2.82,0.282,13.3,13.9,2.4,8.6,9.4,2.3,18.0,18.2,2.8,101.4,51.5,118.2,9457.5,10050.0,3503.3
2025-11-01,Spain,Antidepressants,4822.68,4822680.0,49128297,98.17,30,3.27,0.327,13.3,13.9,2.4,8.6,9.4,2.3,18.0,18.2,2.8,101.4,51.5,118.2,9457.5,10050.0,3503.3
2025-12-01,Spain,Anxiolytics,4449.77,4449770.0,49128297,90.57,31,2.92,0.292,10.5,11.5,2.2,6.5,7.2,1.9,14.5,15.4,2.5,106.8,116.0,57.2,6322.5,6210.0,1407.8
2025-12-01,Spain,Antidepressants,5213.79,5213790.0,49128297,106.13,31,3.42,0.34199999999999997,10.5,11.5,2.2,6.5,7.2,1.9,14.5,15.4,2.5,106.8,116.0,57.2,6322.5,6210.0,1407.8
