date,tavg,tmin,tmax,prcp,wspd,pres,tsun,station_id,station_name
2021-01-01 00:00:00,2.2,0.6,3.7,,,1009.4,,03245,Newcastle upon Tyne
2021-02-01 00:00:00,3.9,2.0,6.1,,,1013.1,,03245,Newcastle upon Tyne
2021-03-01 00:00:00,6.3,3.6,9.2,,,1017.8,,03245,Newcastle upon Tyne
2021-04-01 00:00:00,5.0,1.1,8.8,,,1023.8,,03245,Newcastle upon Tyne
2021-05-01 00:00:00,8.6,5.1,11.9,,,1008.0,,03245,Newcastle upon Tyne
2021-06-01 00:00:00,13.6,9.4,17.5,,,1018.6,,03245,Newcastle upon Tyne
2021-07-01 00:00:00,15.9,12.1,19.6,,,1014.0,,03245,Newcastle upon Tyne
2021-08-01 00:00:00,14.5,11.0,18.1,,,1015.5,,03245,Newcastle upon Tyne
2021-09-01 00:00:00,14.3,11.1,18.0,,,1016.3,,03245,Newcastle upon Tyne
2021-10-01 00:00:00,10.7,8.1,13.4,,,1009.3,,03245,Newcastle upon Tyne
2021-11-01 00:00:00,7.0,4.9,9.3,,,1014.0,,03245,Newcastle upon Tyne
2021-12-01 00:00:00,4.6,2.7,6.5,,,1009.2,,03245,Newcastle upon Tyne
2022-01-01 00:00:00,4.5,2.3,6.8,,,1020.5,,03245,Newcastle upon Tyne
2022-02-01 00:00:00,5.3,2.9,7.9,,,1006.5,,03245,Newcastle upon Tyne
2022-03-01 00:00:00,6.4,3.3,10.1,,,1022.5,,03245,Newcastle upon Tyne
2022-04-01 00:00:00,7.6,4.2,10.9,,,1016.0,,03245,Newcastle upon Tyne
2022-05-01 00:00:00,11.5,8.0,14.8,,,1015.8,,03245,Newcastle upon Tyne
2022-06-01 00:00:00,,,,,,,,03245,Newcastle upon Tyne
2022-07-01 00:00:00,16.2,11.9,20.4,,,1018.7,,03245,Newcastle upon Tyne
2022-08-01 00:00:00,15.8,11.2,20.4,,,1017.5,,03245,Newcastle upon Tyne
2022-09-01 00:00:00,12.8,9.8,16.1,,,1012.7,7173.0,03245,Newcastle upon Tyne
2022-10-01 00:00:00,11.0,8.4,13.8,,,1009.5,5833.0,03245,Newcastle upon Tyne
2022-11-01 00:00:00,7.6,5.5,9.8,,,1002.6,3405.0,03245,Newcastle upon Tyne
2022-12-01 00:00:00,2.8,1.2,4.7,,,1008.5,3143.0,03245,Newcastle upon Tyne
2023-01-01 00:00:00,4.4,2.5,6.5,,,1008.2,4075.0,03245,Newcastle upon Tyne
2023-02-01 00:00:00,6.2,4.0,8.5,,,1024.6,4391.0,03245,Newcastle upon Tyne
2023-03-01 00:00:00,5.3,2.5,7.9,,,1005.1,6114.0,03245,Newcastle upon Tyne
2023-04-01 00:00:00,7.0,3.9,10.0,,,1016.1,8632.0,03245,Newcastle upon Tyne
2023-05-01 00:00:00,11.0,7.0,14.7,,,1023.3,12166.0,03245,Newcastle upon Tyne
2023-06-01 00:00:00,14.4,10.0,18.5,,,1018.7,15038.0,03245,Newcastle upon Tyne
2023-07-01 00:00:00,14.5,10.7,18.2,,,1006.6,10734.0,03245,Newcastle upon Tyne
2023-08-01 00:00:00,14.6,10.9,18.3,,,1011.1,10509.0,03245,Newcastle upon Tyne
2023-09-01 00:00:00,14.4,10.9,18.0,,,1011.9,5773.0,03245,Newcastle upon Tyne
2023-10-01 00:00:00,10.4,8.0,13.1,,,1005.1,2990.0,03245,Newcastle upon Tyne
2023-11-01 00:00:00,6.1,4.0,8.3,,,1001.2,2900.0,03245,Newcastle upon Tyne
2023-12-01 00:00:00,5.5,3.4,7.3,,,1004.9,1808.0,03245,Newcastle upon Tyne
2024-01-01 00:00:00,4.0,2.1,6.2,,,1012.9,3048.0,03245,Newcastle upon Tyne
2024-02-01 00:00:00,6.3,3.8,8.9,,,1004.3,2998.0,03245,Newcastle upon Tyne
2024-03-01 00:00:00,6.3,4.0,8.7,,,1003.2,3333.0,03245,Newcastle upon Tyne
2024-04-01 00:00:00,7.7,4.9,10.2,,,1009.8,4366.0,03245,Newcastle upon Tyne
2024-05-01 00:00:00,12.3,9.3,15.4,,,1012.4,6096.0,03245,Newcastle upon Tyne
2024-06-01 00:00:00,12.8,8.6,16.3,,,1011.9,8379.0,03245,Newcastle upon Tyne
2024-07-01 00:00:00,14.5,10.7,17.9,,,1011.7,6500.0,03245,Newcastle upon Tyne
2024-08-01 00:00:00,15.2,11.2,19.1,,,1008.8,8613.0,03245,Newcastle upon Tyne
2024-09-01 00:00:00,12.1,9.2,15.2,,,1015.8,6389.0,03245,Newcastle upon Tyne
2024-10-01 00:00:00,10.3,7.5,13.1,,,1011.6,5179.0,03245,Newcastle upon Tyne
2024-11-01 00:00:00,7.0,4.8,9.4,,,1017.5,3651.0,03245,Newcastle upon Tyne
2024-12-01 00:00:00,7.5,5.5,9.2,,,1016.9,1632.0,03245,Newcastle upon Tyne
2025-01-01 00:00:00,3.5,1.4,5.7,,,1009.1,4018.0,03245,Newcastle upon Tyne
2025-02-01 00:00:00,5.6,3.6,7.7,,,1020.1,2700.0,03245,Newcastle upon Tyne
2025-03-01 00:00:00,7.5,4.6,10.7,,,1016.1,5770.0,03245,Newcastle upon Tyne
2025-04-01 00:00:00,9.6,5.7,13.5,,,1018.1,8854.0,03245,Newcastle upon Tyne
2025-05-01 00:00:00,11.9,8.0,15.6,,,1018.1,9288.0,03245,Newcastle upon Tyne
2025-06-01 00:00:00,15.9,12.5,19.0,,,1012.2,7585.0,03245,Newcastle upon Tyne
2025-07-01 00:00:00,16.9,13.4,20.1,,,1013.9,8223.0,03245,Newcastle upon Tyne
2025-08-01 00:00:00,16.6,13.3,20.1,26.6,,1014.2,9928.0,03245,Newcastle upon Tyne
2025-09-01 00:00:00,13.3,10.2,16.5,71.6,,1011.1,7850.0,03245,Newcastle upon Tyne
2025-10-01 00:00:00,10.9,8.5,13.4,70.8,,1010.2,6047.0,03245,Newcastle upon Tyne
2025-11-01 00:00:00,7.9,5.8,9.6,120.0,,1008.0,3181.0,03245,Newcastle upon Tyne
2025-12-01 00:00:00,7.3,5.5,9.0,71.3,,1011.7,2179.0,03245,Newcastle upon Tyne
2021-01-01 00:00:00,3.2,1.7,4.7,,,1009.3,,03262,Sunderland
2021-02-01 00:00:00,4.7,2.8,6.7,,,1013.3,,03262,Sunderland
2021-03-01 00:00:00,6.7,4.2,9.5,,,1017.8,,03262,Sunderland
2021-04-01 00:00:00,5.7,2.3,9.0,,,1023.8,,03262,Sunderland
2021-05-01 00:00:00,9.7,6.7,12.5,,,1008.3,,03262,Sunderland
2021-06-01 00:00:00,14.7,11.2,17.8,,,1018.8,,03262,Sunderland
2021-07-01 00:00:00,16.9,13.9,19.8,,,1014.2,,03262,Sunderland
2021-08-01 00:00:00,15.9,13.2,18.7,,,1015.7,,03262,Sunderland
2021-09-01 00:00:00,15.7,13.2,18.5,,,1016.6,,03262,Sunderland
2021-10-01 00:00:00,12.7,10.6,14.7,,,1009.8,,03262,Sunderland
2021-11-01 00:00:00,9.0,7.0,10.9,,,1014.2,,03262,Sunderland
2021-12-01 00:00:00,6.6,4.8,8.4,,,1009.4,,03262,Sunderland
2022-01-01 00:00:00,6.5,4.3,8.5,,,1020.8,,03262,Sunderland
2022-02-01 00:00:00,7.5,5.4,9.6,,,1006.8,,03262,Sunderland
2022-03-01 00:00:00,7.7,4.8,11.0,,,1022.8,,03262,Sunderland
2022-04-01 00:00:00,8.5,5.7,11.6,,,1016.3,,03262,Sunderland
2022-05-01 00:00:00,12.4,9.4,15.3,,,1016.2,,03262,Sunderland
2022-06-01 00:00:00,,,,,,,,03262,Sunderland
2022-07-01 00:00:00,17.3,14.0,20.4,,,1019.0,,03262,Sunderland
2022-08-01 00:00:00,17.1,13.6,20.6,,,1017.7,,03262,Sunderland
2022-09-01 00:00:00,14.2,11.7,17.0,,,1012.9,6307.0,03262,Sunderland
2022-10-01 00:00:00,13.2,11.1,15.3,,,1010.0,5660.0,03262,Sunderland
2022-11-01 00:00:00,10.2,8.3,11.8,,,1003.0,2639.0,03262,Sunderland
2022-12-01 00:00:00,5.3,3.7,7.1,,,1008.8,2602.0,03262,Sunderland
2023-01-01 00:00:00,6.6,4.8,8.5,,,1008.5,3977.0,03262,Sunderland
2023-02-01 00:00:00,7.8,5.8,9.9,,,1024.9,3936.0,03262,Sunderland
2023-03-01 00:00:00,6.8,4.4,9.2,,,1005.4,5432.0,03262,Sunderland
2023-04-01 00:00:00,8.2,5.6,11.0,,,1016.4,7972.0,03262,Sunderland
2023-05-01 00:00:00,11.7,8.4,14.9,,,1023.6,10934.0,03262,Sunderland
2023-06-01 00:00:00,15.6,11.7,19.0,,,1018.9,13856.0,03262,Sunderland
2023-07-01 00:00:00,15.9,13.2,18.5,,,1006.9,8701.0,03262,Sunderland
2023-08-01 00:00:00,16.0,13.3,18.7,,,1011.3,9063.0,03262,Sunderland
2023-09-01 00:00:00,15.3,12.4,18.1,,,1012.2,7886.0,03262,Sunderland
2023-10-01 00:00:00,11.4,9.2,13.6,,,1005.4,4596.0,03262,Sunderland
2023-11-01 00:00:00,7.6,5.5,9.3,,,1001.3,3098.0,03262,Sunderland
2023-12-01 00:00:00,7.0,5.3,8.6,,,1005.3,2411.0,03262,Sunderland
2024-01-01 00:00:00,5.3,3.6,7.1,,,1013.2,3718.0,03262,Sunderland
2024-02-01 00:00:00,7.3,5.2,9.4,,,1004.7,3735.0,03262,Sunderland
2024-03-01 00:00:00,7.4,5.3,9.4,,,1003.6,4007.0,03262,Sunderland
2024-04-01 00:00:00,8.4,6.0,10.6,,,1010.1,5025.0,03262,Sunderland
2024-05-01 00:00:00,12.3,9.8,14.8,,,1012.7,6150.0,03262,Sunderland
2024-06-01 00:00:00,13.5,9.9,16.4,,,1012.2,9106.0,03262,Sunderland
2024-07-01 00:00:00,15.2,11.8,17.9,,,1011.9,7162.0,03262,Sunderland
2024-08-01 00:00:00,16.2,12.9,19.2,,,1009.2,9297.0,03262,Sunderland
2024-09-01 00:00:00,12.8,10.2,15.3,,,1016.3,7745.0,03262,Sunderland
2024-10-01 00:00:00,11.3,9.1,13.5,,,1011.9,6553.0,03262,Sunderland
2024-11-01 00:00:00,8.2,6.3,10.2,,,1017.8,3424.0,03262,Sunderland
2024-12-01 00:00:00,8.3,6.5,9.9,,,1017.3,1622.0,03262,Sunderland
2025-01-01 00:00:00,4.7,2.7,6.6,,,1009.4,4191.0,03262,Sunderland
2025-02-01 00:00:00,6.5,4.8,8.3,,,1020.4,2564.0,03262,Sunderland
2025-03-01 00:00:00,7.8,5.2,10.7,,,1016.4,5685.0,03262,Sunderland
2025-04-01 00:00:00,9.7,6.3,13.2,,,1018.4,10800.0,03262,Sunderland
2025-05-01 00:00:00,11.9,8.6,15.1,,,1018.4,11177.0,03262,Sunderland
2025-06-01 00:00:00,16.0,13.0,19.0,,,1012.6,8794.0,03262,Sunderland
2025-07-01 00:00:00,17.1,14.2,20.0,,,1014.1,8552.0,03262,Sunderland
2025-08-01 00:00:00,16.9,14.2,20.2,26.6,,1014.5,10159.0,03262,Sunderland
2025-09-01 00:00:00,14.0,11.6,16.9,83.6,,1011.5,9575.0,03262,Sunderland
2025-10-01 00:00:00,11.7,9.8,13.8,74.8,,1010.6,6470.0,03262,Sunderland
2025-11-01 00:00:00,8.7,7.0,10.2,89.6,,1008.6,3216.0,03262,Sunderland
2025-12-01 00:00:00,8.4,6.6,9.9,67.3,,1012.2,2447.0,03262,Sunderland
2021-01-01 00:00:00,2.2,-0.4,4.6,,,1009.6,,03263,Middlesbrough
2021-02-01 00:00:00,4.3,1.5,7.2,72.9,,1013.4,,03263,Middlesbrough
2021-03-01 00:00:00,6.7,3.4,10.4,44.0,,1018.6,,03263,Middlesbrough
2021-04-01 00:00:00,5.6,0.2,10.7,23.1,,1023.8,,03263,Middlesbrough
2021-05-01 00:00:00,9.2,5.1,13.6,103.8,,1008.1,,03263,Middlesbrough
2021-06-01 00:00:00,14.8,10.3,19.3,23.5,,1018.7,,03263,Middlesbrough
2021-07-01 00:00:00,16.8,12.6,21.1,78.8,,1014.0,,03263,Middlesbrough
2021-08-01 00:00:00,15.2,11.4,19.0,54.8,,1015.7,,03263,Middlesbrough
2021-09-01 00:00:00,15.1,11.4,19.1,55.6,,1016.7,,03263,Middlesbrough
2021-10-01 00:00:00,11.3,8.2,14.2,90.0,,1010.2,,03263,Middlesbrough
2021-11-01 00:00:00,7.4,4.2,10.3,43.6,,1014.6,,03263,Middlesbrough
2021-12-01 00:00:00,5.0,2.2,7.5,76.8,,1009.6,,03263,Middlesbrough
2022-01-01 00:00:00,4.2,0.3,7.6,14.9,,1021.4,,03263,Middlesbrough
2022-02-01 00:00:00,6.1,3.0,8.9,90.5,,1008.0,,03263,Middlesbrough
2022-03-01 00:00:00,6.7,2.3,11.4,55.8,,1022.6,,03263,Middlesbrough
2022-04-01 00:00:00,8.1,3.7,12.3,37.8,,1016.1,,03263,Middlesbrough
2022-05-01 00:00:00,12.0,8.1,16.1,,,1015.7,,03263,Middlesbrough
2022-06-01 00:00:00,14.6,10.3,19.1,43.0,,1014.4,,03263,Middlesbrough
2022-07-01 00:00:00,17.5,13.2,22.2,46.4,,1019.1,,03263,Middlesbrough
2022-08-01 00:00:00,16.9,12.0,21.6,27.2,,1017.7,,03263,Middlesbrough
2022-09-01 00:00:00,13.3,9.2,17.3,70.9,,1012.7,,03263,Middlesbrough
2022-10-01 00:00:00,11.6,8.1,14.8,81.9,,1010.4,,03263,Middlesbrough
2022-11-01 00:00:00,8.1,5.3,10.3,78.3,,1003.3,,03263,Middlesbrough
2022-12-01 00:00:00,3.1,0.5,5.7,51.5,,1009.0,,03263,Middlesbrough
2023-01-01 00:00:00,4.5,1.7,7.3,49.5,,1009.3,,03263,Middlesbrough
2023-02-01 00:00:00,6.4,3.4,9.2,13.5,,1025.4,,03263,Middlesbrough
2023-03-01 00:00:00,5.8,2.4,9.0,68.3,,1005.4,,03263,Middlesbrough
2023-04-01 00:00:00,7.5,3.7,11.4,63.9,,1016.0,,03263,Middlesbrough
2023-05-01 00:00:00,11.7,7.4,16.2,34.6,,1023.3,,03263,Middlesbrough
2023-06-01 00:00:00,15.3,10.5,19.8,62.4,,1018.6,,03263,Middlesbrough
2023-07-01 00:00:00,15.5,11.8,19.4,119.2,,1007.2,,03263,Middlesbrough
2023-08-01 00:00:00,15.3,11.5,19.1,107.2,,1011.4,,03263,Middlesbrough
2023-09-01 00:00:00,15.1,11.2,19.2,66.5,,1012.3,,03263,Middlesbrough
2023-10-01 00:00:00,10.8,7.6,13.8,103.2,,1005.4,,03263,Middlesbrough
2023-11-01 00:00:00,6.5,3.4,9.2,73.9,,1001.5,,03263,Middlesbrough
2023-12-01 00:00:00,6.1,3.2,8.3,115.2,,1005.7,,03263,Middlesbrough
2024-01-01 00:00:00,4.5,1.9,7.2,89.5,,1013.7,,03263,Middlesbrough
2024-02-01 00:00:00,7.4,3.6,10.7,62.6,,1005.2,,03263,Middlesbrough
2024-03-01 00:00:00,7.7,4.0,11.0,44.0,,1003.4,,03263,Middlesbrough
2024-04-01 00:00:00,9.1,5.3,12.6,89.5,,1010.2,,03263,Middlesbrough
2024-05-01 00:00:00,13.6,9.7,17.6,99.7,,1012.3,,03263,Middlesbrough
2024-06-01 00:00:00,13.8,9.4,18.0,45.9,,1012.5,,03263,Middlesbrough
2024-07-01 00:00:00,15.6,11.5,19.6,63.4,,1012.1,,03263,Middlesbrough
2024-08-01 00:00:00,,,,,,,,03263,Middlesbrough
2024-09-01 00:00:00,,,,,,,,03263,Middlesbrough
2024-10-01 00:00:00,10.8,7.2,14.2,64.1,,1012.1,,03263,Middlesbrough
2024-11-01 00:00:00,6.7,3.5,9.6,32.0,,1018.0,,03263,Middlesbrough
2024-12-01 00:00:00,7.2,5.0,9.0,,,,,03263,Middlesbrough
2025-01-01 00:00:00,2.6,-0.3,5.5,82.6,,1009.7,,03263,Middlesbrough
2025-02-01 00:00:00,5.0,2.4,7.8,18.1,,1020.3,,03263,Middlesbrough
2025-03-01 00:00:00,7.0,2.4,11.7,,,,,03263,Middlesbrough
2025-04-01 00:00:00,9.8,4.3,15.1,6.8,,1018.2,,03263,Middlesbrough
2025-05-01 00:00:00,11.9,6.7,16.7,30.6,,1018.2,,03263,Middlesbrough
2025-06-01 00:00:00,16.4,11.6,21.2,66.8,,1012.9,,03263,Middlesbrough
2025-07-01 00:00:00,17.3,12.7,21.7,74.9,,1014.1,,03263,Middlesbrough
2025-08-01 00:00:00,16.9,12.2,21.7,22.0,,1014.7,,03263,Middlesbrough
2025-09-01 00:00:00,13.2,8.9,17.6,89.6,,1011.8,,03263,Middlesbrough
2025-10-01 00:00:00,11.0,8.1,13.8,59.5,,1010.9,,03263,Middlesbrough
2025-11-01 00:00:00,7.7,4.9,9.9,116.5,,1006.9,,03263,Middlesbrough
2025-12-01 00:00:00,6.9,4.2,8.8,80.6,,1012.2,,03263,Middlesbrough
2021-01-01 00:00:00,2.8,0.8,4.6,,,1010.3,,03347,Leeds
2021-02-01 00:00:00,4.6,2.5,7.0,,,1013.8,,03347,Leeds
2021-03-01 00:00:00,7.2,4.2,10.4,,,1019.7,,03347,Leeds
2021-04-01 00:00:00,5.9,1.0,10.6,,,1024.2,,03347,Leeds
2021-05-01 00:00:00,9.8,5.9,13.6,,,1008.6,,03347,Leeds
2021-06-01 00:00:00,15.2,10.5,19.7,,,1019.0,,03347,Leeds
2021-07-01 00:00:00,17.6,13.4,21.8,,,1014.4,,03347,Leeds
2021-08-01 00:00:00,15.7,12.5,19.2,,,1016.3,,03347,Leeds
2021-09-01 00:00:00,15.4,12.1,19.2,,,1017.3,,03347,Leeds
2021-10-01 00:00:00,11.9,9.1,14.7,,,1011.5,,03347,Leeds
2021-11-01 00:00:00,7.5,5.2,9.8,,,1015.9,,03347,Leeds
2021-12-01 00:00:00,5.3,3.3,7.3,,,1010.5,,03347,Leeds
2022-01-01 00:00:00,4.5,1.9,7.1,,,1023.0,,03347,Leeds
2022-02-01 00:00:00,6.8,4.4,9.2,,,1010.0,,03347,Leeds
2022-03-01 00:00:00,7.0,3.1,11.3,,,1022.9,,03347,Leeds
2022-04-01 00:00:00,8.7,4.5,12.9,,,1016.5,,03347,Leeds
2022-05-01 00:00:00,12.9,9.2,16.7,,,1017.3,,03347,Leeds
2022-06-01 00:00:00,,,,,,,,03347,Leeds
2022-07-01 00:00:00,17.9,13.5,22.3,,,1020.0,,03347,Leeds
2022-08-01 00:00:00,17.5,12.6,22.4,,,1018.2,,03347,Leeds
2022-09-01 00:00:00,13.8,10.2,17.7,,,1013.3,6667.0,03347,Leeds
2022-10-01 00:00:00,12.3,9.6,15.2,,,1011.5,5367.0,03347,Leeds
2022-11-01 00:00:00,8.5,6.3,10.3,,,1004.3,2211.0,03347,Leeds
2022-12-01 00:00:00,3.2,1.4,5.3,,,1010.1,2830.0,03347,Leeds
2023-01-01 00:00:00,5.1,2.9,7.3,,,1010.9,3709.0,03347,Leeds
2023-02-01 00:00:00,6.5,4.0,9.1,,,1026.6,3954.0,03347,Leeds
2023-03-01 00:00:00,6.4,3.5,9.2,,,1006.2,5441.0,03347,Leeds
2023-04-01 00:00:00,8.0,4.3,11.8,,,1016.3,7515.0,03347,Leeds
2023-05-01 00:00:00,12.3,7.8,16.8,,,1023.5,11213.0,03347,Leeds
2023-06-01 00:00:00,16.3,11.2,21.3,,,1018.8,14739.0,03347,Leeds
2023-07-01 00:00:00,15.9,12.7,18.9,,,1008.3,8622.0,03347,Leeds
2023-08-01 00:00:00,16.0,12.5,19.7,,,1012.1,8855.0,03347,Leeds
2023-09-01 00:00:00,16.1,12.3,20.1,,,1013.0,7194.0,03347,Leeds
2023-10-01 00:00:00,11.4,9.0,14.1,,,1005.9,3581.0,03347,Leeds
2023-11-01 00:00:00,7.0,4.8,9.1,,,1002.4,3489.0,03347,Leeds
2023-12-01 00:00:00,6.6,4.6,8.4,,,1007.1,2351.0,03347,Leeds
2024-01-01 00:00:00,4.5,2.3,7.0,,,1014.8,3822.0,03347,Leeds
2024-02-01 00:00:00,7.4,4.8,9.8,,,1006.4,3036.0,03347,Leeds
2024-03-01 00:00:00,7.3,4.6,10.1,,,1003.8,3886.0,03347,Leeds
2024-04-01 00:00:00,9.1,6.0,12.0,,,1011.1,5702.0,03347,Leeds
2024-05-01 00:00:00,13.7,10.0,17.5,,,1012.5,6340.0,03347,Leeds
2024-06-01 00:00:00,14.3,10.1,17.9,,,1013.4,9529.0,03347,Leeds
2024-07-01 00:00:00,16.2,12.1,19.9,,,1012.7,8346.0,03347,Leeds
2024-08-01 00:00:00,16.8,13.1,20.3,,,1011.0,8222.0,03347,Leeds
2024-09-01 00:00:00,13.2,10.0,16.6,,,1016.0,6711.0,03347,Leeds
2024-10-01 00:00:00,11.0,8.1,13.8,,,1012.8,5043.0,03347,Leeds
2024-11-01 00:00:00,6.6,3.9,9.1,,,1019.0,2537.0,03347,Leeds
2024-12-01 00:00:00,7.1,5.2,8.9,,,1019.2,1958.0,03347,Leeds
2025-01-01 00:00:00,2.6,-0.0,5.1,,,1010.9,3699.0,03347,Leeds
2025-02-01 00:00:00,4.7,2.4,7.2,,,1021.0,2194.0,03347,Leeds
2025-03-01 00:00:00,7.2,3.5,11.4,,,1017.1,5631.0,03347,Leeds
2025-04-01 00:00:00,9.8,4.7,15.1,,,1018.2,8336.0,03347,Leeds
2025-05-01 00:00:00,12.5,7.6,17.3,,,1018.6,9222.0,03347,Leeds
2025-06-01 00:00:00,17.1,13.0,20.9,,,1014.1,7178.0,03347,Leeds
2025-07-01 00:00:00,17.8,13.6,21.8,,,1014.7,8832.0,03347,Leeds
2025-08-01 00:00:00,17.3,13.3,21.7,22.9,,1015.4,9207.0,03347,Leeds
2025-09-01 00:00:00,13.2,9.6,17.2,75.5,,1012.6,6895.0,03347,Leeds
2025-10-01 00:00:00,11.0,8.5,13.8,50.6,,1012.1,4855.0,03347,Leeds
2025-11-01 00:00:00,7.6,5.3,9.7,104.4,,1009.1,2830.0,03347,Leeds
2025-12-01 00:00:00,6.5,4.4,8.4,85.0,,1013.2,2139.0,03347,Leeds
2021-01-01 00:00:00,3.0,0.3,5.3,,,1010.1,,03334,Manchester
2021-02-01 00:00:00,5.2,2.3,8.1,,,1012.7,,03334,Manchester
2021-03-01 00:00:00,7.2,3.6,10.7,,,1020.0,,03334,Manchester
2021-04-01 00:00:00,6.9,1.7,11.8,,,1023.6,,03334,Manchester
2021-05-01 00:00:00,9.9,5.7,13.9,,,1008.4,,03334,Manchester
2021-06-01 00:00:00,15.7,10.8,20.2,,,1018.8,,03334,Manchester
2021-07-01 00:00:00,17.6,13.5,21.9,,,1014.3,,03334,Manchester
2021-08-01 00:00:00,15.7,12.8,18.8,,,1016.4,,03334,Manchester
2021-09-01 00:00:00,15.7,12.1,19.5,,,1017.3,,03334,Manchester
2021-10-01 00:00:00,12.1,9.3,14.8,,,1011.7,,03334,Manchester
2021-11-01 00:00:00,7.5,4.5,10.2,,,1016.5,,03334,Manchester
2021-12-01 00:00:00,6.2,3.9,8.5,,,1010.3,,03334,Manchester
2022-01-01 00:00:00,4.8,1.8,7.6,,,1023.6,,03334,Manchester
2022-02-01 00:00:00,6.8,4.0,9.2,,,1011.2,,03334,Manchester
2022-03-01 00:00:00,8.1,3.7,12.3,,,1021.8,,03334,Manchester
2022-04-01 00:00:00,9.2,4.4,13.3,,,1016.0,,03334,Manchester
2022-05-01 00:00:00,12.7,9.2,16.4,,,1016.8,,03334,Manchester
2022-06-01 00:00:00,14.9,10.1,19.2,58.0,,1015.0,,03334,Manchester
2022-07-01 00:00:00,17.7,13.8,21.7,57.9,,1020.4,,03334,Manchester
2022-08-01 00:00:00,18.1,13.2,22.6,38.1,,1018.1,,03334,Manchester
2022-09-01 00:00:00,14.0,10.1,17.7,89.9,,1013.0,7493.0,03334,Manchester
2022-10-01 00:00:00,12.5,9.4,15.5,115.5,,1011.5,5627.0,03334,Manchester
2022-11-01 00:00:00,8.9,6.3,11.3,103.5,,1004.1,2918.0,03334,Manchester
2022-12-01 00:00:00,3.4,0.6,5.9,63.7,,1009.7,3158.0,03334,Manchester
2023-01-01 00:00:00,5.3,2.3,7.7,82.9,,1011.6,3178.0,03334,Manchester
2023-02-01 00:00:00,6.8,4.0,9.6,20.4,,1027.0,4030.0,03334,Manchester
2023-03-01 00:00:00,6.9,4.0,9.6,124.8,,1005.8,4274.0,03334,Manchester
2023-04-01 00:00:00,8.8,5.0,12.4,72.0,,1015.7,8335.0,03334,Manchester
2023-05-01 00:00:00,13.0,8.4,17.0,51.4,,1023.2,12539.0,03334,Manchester
2023-06-01 00:00:00,17.3,12.3,22.3,53.9,,1018.1,16049.0,03334,Manchester
2023-07-01 00:00:00,15.6,12.5,18.7,190.8,,1008.6,7813.0,03334,Manchester
2023-08-01 00:00:00,15.7,12.2,19.3,97.5,,1012.3,7801.0,03334,Manchester
2023-09-01 00:00:00,16.3,12.2,20.1,95.8,,1012.9,6425.0,03334,Manchester
2023-10-01 00:00:00,11.5,8.3,14.6,153.4,,1005.7,3624.0,03334,Manchester
2023-11-01 00:00:00,7.0,4.4,9.3,107.1,,1002.8,3366.0,03334,Manchester
2023-12-01 00:00:00,7.0,4.5,8.9,155.4,,1007.6,1683.0,03334,Manchester
2024-01-01 00:00:00,4.9,2.0,7.6,77.4,,1015.1,3242.0,03334,Manchester
2024-02-01 00:00:00,7.3,4.4,10.1,114.3,,1006.8,1572.0,03334,Manchester
2024-03-01 00:00:00,7.8,4.8,10.8,98.5,,1003.3,2837.0,03334,Manchester
2024-04-01 00:00:00,9.4,5.9,12.6,103.9,,1011.1,2929.0,03334,Manchester
2024-05-01 00:00:00,14.3,10.7,17.9,121.8,,1012.2,4458.0,03334,Manchester
2024-06-01 00:00:00,14.1,10.1,17.5,48.2,,1013.8,5484.0,03334,Manchester
2024-07-01 00:00:00,15.9,12.0,19.7,115.8,,1013.0,4846.0,03334,Manchester
2024-08-01 00:00:00,16.3,12.5,19.8,,,1011.5,5058.0,03334,Manchester
2024-09-01 00:00:00,13.4,10.3,16.7,,,1015.5,6291.0,03334,Manchester
2024-10-01 00:00:00,11.5,8.5,14.2,79.7,,1012.6,4377.0,03334,Manchester
2024-11-01 00:00:00,7.2,4.3,9.8,53.2,,1018.9,2943.0,03334,Manchester
2024-12-01 00:00:00,7.2,5.1,9.1,,,1020.1,1827.0,03334,Manchester
2025-01-01 00:00:00,3.1,0.3,5.6,121.5,,1010.9,3732.0,03334,Manchester
2025-02-01 00:00:00,5.4,3.2,7.8,46.2,,1020.2,2717.0,03334,Manchester
2025-03-01 00:00:00,7.9,3.4,12.2,,,1017.1,6026.0,03334,Manchester
2025-04-01 00:00:00,10.9,5.5,15.9,,,1017.5,9463.0,03334,Manchester
2025-05-01 00:00:00,13.4,7.8,18.7,50.7,,1018.3,9776.0,03334,Manchester
2025-06-01 00:00:00,16.6,12.7,20.8,82.9,,1014.5,5989.0,03334,Manchester
2025-07-01 00:00:00,17.6,13.5,21.3,55.5,,1015.2,9082.0,03334,Manchester
2025-08-01 00:00:00,17.5,13.7,21.5,36.8,,1015.6,9850.0,03334,Manchester
2025-09-01 00:00:00,13.6,9.7,17.7,149.6,,1012.6,6965.0,03334,Manchester
2025-10-01 00:00:00,11.5,9.1,13.8,85.1,,1012.5,4128.0,03334,Manchester
2025-11-01 00:00:00,8.1,5.3,10.7,130.2,,1007.7,3093.0,03334,Manchester
2025-12-01 00:00:00,7.1,4.8,9.1,117.0,,1012.6,2759.0,03334,Manchester
2021-01-01 00:00:00,2.4,-0.5,4.8,,,1010.0,,03266,York
2021-02-01 00:00:00,4.8,1.7,7.7,,,1013.7,,03266,York
2021-03-01 00:00:00,7.4,3.9,11.1,,,1019.2,,03266,York
2021-04-01 00:00:00,6.3,0.3,11.7,,,1023.8,,03266,York
2021-05-01 00:00:00,9.8,5.7,14.4,,,1008.5,,03266,York
2021-06-01 00:00:00,15.7,10.7,20.6,,,1018.8,,03266,York
2021-07-01 00:00:00,17.6,13.1,22.6,,,1014.0,,03266,York
2021-08-01 00:00:00,16.0,12.3,19.9,,,1015.9,,03266,York
2021-09-01 00:00:00,15.5,12.1,19.4,,,1017.2,,03266,York
2021-10-01 00:00:00,11.9,9.1,14.8,,,1011.2,,03266,York
2021-11-01 00:00:00,7.6,5.1,10.0,,,1015.4,,03266,York
2021-12-01 00:00:00,5.4,3.3,7.3,,,1010.3,,03266,York
2022-01-01 00:00:00,4.5,2.0,7.2,,,1022.6,,03266,York
2022-02-01 00:00:00,6.8,4.2,9.2,,,1009.4,,03266,York
2022-03-01 00:00:00,7.2,3.5,11.4,,,1022.9,,03266,York
2022-04-01 00:00:00,8.8,4.8,13.0,,,1016.4,,03266,York
2022-05-01 00:00:00,12.8,9.1,16.5,,,1016.3,,03266,York
2022-06-01 00:00:00,15.0,10.3,19.5,43.0,,1014.8,,03266,York
2022-07-01 00:00:00,18.2,13.6,22.7,53.7,,1019.7,,03266,York
2022-08-01 00:00:00,17.8,12.9,22.8,37.5,,1018.1,,03266,York
2022-09-01 00:00:00,13.8,10.2,17.8,63.3,,1013.1,6929.0,03266,York
2022-10-01 00:00:00,12.4,9.5,15.4,97.8,,1011.3,5641.0,03266,York
2022-11-01 00:00:00,8.7,6.5,10.7,78.3,,1004.1,2133.0,03266,York
2022-12-01 00:00:00,3.4,1.6,5.5,50.1,,1009.8,2603.0,03266,York
2023-01-01 00:00:00,5.1,3.0,7.4,50.1,,1010.5,3563.0,03266,York
2023-02-01 00:00:00,6.7,4.2,9.4,9.6,,1026.3,3551.0,03266,York
2023-03-01 00:00:00,6.5,3.6,9.4,76.8,,1006.0,5186.0,03266,York
2023-04-01 00:00:00,8.1,4.5,11.9,57.3,,1016.3,7652.0,03266,York
2023-05-01 00:00:00,12.5,8.1,16.9,37.3,,1023.5,11029.0,03266,York
2023-06-01 00:00:00,16.3,11.2,21.3,61.6,,1018.8,14943.0,03266,York
2023-07-01 00:00:00,16.1,12.7,19.2,123.6,,1008.0,8736.0,03266,York
2023-08-01 00:00:00,16.1,12.5,19.8,97.1,,1011.9,8949.0,03266,York
2023-09-01 00:00:00,16.0,12.2,20.0,95.5,,1012.8,7423.0,03266,York
2023-10-01 00:00:00,11.5,8.9,14.2,121.9,,1005.7,3854.0,03266,York
2023-11-01 00:00:00,6.9,4.6,9.1,81.6,,1002.0,2859.0,03266,York
2023-12-01 00:00:00,6.6,4.7,8.4,120.5,,1006.7,1714.0,03266,York
2024-01-01 00:00:00,4.5,2.3,6.9,87.4,,1014.5,3061.0,03266,York
2024-02-01 00:00:00,7.4,4.7,9.8,89.9,,1006.0,2614.0,03266,York
2024-03-01 00:00:00,7.5,4.8,10.2,64.8,,1003.8,3707.0,03266,York
2024-04-01 00:00:00,9.0,5.9,11.9,84.2,,1010.8,4738.0,03266,York
2024-05-01 00:00:00,13.6,9.9,17.2,69.1,,1012.4,5543.0,03266,York
2024-06-01 00:00:00,14.2,10.0,17.7,50.8,,1013.0,7422.0,03266,York
2024-07-01 00:00:00,16.2,12.2,19.8,64.5,,1012.4,6981.0,03266,York
2024-08-01 00:00:00,16.8,13.1,20.4,,,1010.7,7422.0,03266,York
2024-09-01 00:00:00,13.2,10.0,16.6,,,1015.9,6616.0,03266,York
2024-10-01 00:00:00,11.0,8.1,13.9,61.1,,1012.6,5057.0,03266,York
2024-11-01 00:00:00,6.6,4.2,9.1,32.0,,1018.8,2814.0,03266,York
2024-12-01 00:00:00,7.2,5.4,8.9,,,1018.8,1637.0,03266,York
2025-01-01 00:00:00,2.5,0.2,4.9,88.9,,1010.6,3779.0,03266,York
2025-02-01 00:00:00,5.0,2.9,7.4,24.4,,1021.0,2386.0,03266,York
2025-03-01 00:00:00,7.4,3.9,11.5,,,1016.9,6171.0,03266,York
2025-04-01 00:00:00,10.1,5.3,15.1,,,1018.4,10538.0,03266,York
2025-05-01 00:00:00,12.8,8.1,17.2,31.5,,1018.5,9778.0,03266,York
2025-06-01 00:00:00,17.0,13.0,20.9,53.7,,1013.8,8177.0,03266,York
2025-07-01 00:00:00,17.8,13.6,21.9,60.6,,1014.5,8698.0,03266,York
2025-08-01 00:00:00,17.3,13.3,21.7,23.7,,1015.2,9591.0,03266,York
2025-09-01 00:00:00,13.4,9.9,17.2,84.1,,1012.4,8055.0,03266,York
2025-10-01 00:00:00,11.0,8.6,13.6,58.1,,1011.8,5369.0,03266,York
2025-11-01 00:00:00,7.8,5.7,9.8,107.2,,1008.9,2889.0,03266,York
2025-12-01 00:00:00,6.8,4.9,8.6,91.7,,1013.1,2471.0,03266,York
2021-01-01 00:00:00,3.0,0.7,5.3,,,1010.6,,03354,Nottingham
2021-02-01 00:00:00,4.9,2.1,7.9,,,1015.5,,03354,Nottingham
2021-03-01 00:00:00,7.3,4.1,10.8,,,1019.9,,03354,Nottingham
2021-04-01 00:00:00,6.4,1.3,11.1,,,1023.2,,03354,Nottingham
2021-05-01 00:00:00,9.8,6.1,13.8,,,1009.8,,03354,Nottingham
2021-06-01 00:00:00,15.6,11.3,19.7,,,1018.9,,03354,Nottingham
2021-07-01 00:00:00,17.8,13.8,22.3,,,1014.3,,03354,Nottingham
2021-08-01 00:00:00,15.8,12.8,19.3,,,1016.5,,03354,Nottingham
2021-09-01 00:00:00,15.7,12.1,20.1,,,1017.7,,03354,Nottingham
2021-10-01 00:00:00,11.8,9.0,14.7,,,1012.7,,03354,Nottingham
2021-11-01 00:00:00,7.6,5.3,10.0,,,1016.6,,03354,Nottingham
2021-12-01 00:00:00,5.8,3.7,7.8,,,1011.2,,03354,Nottingham
2022-01-01 00:00:00,4.5,1.9,7.3,,,1024.2,,03354,Nottingham
2022-02-01 00:00:00,6.6,3.8,9.4,,,1012.1,,03354,Nottingham
2022-03-01 00:00:00,7.3,3.3,11.9,,,1022.7,,03354,Nottingham
2022-04-01 00:00:00,9.0,4.6,13.3,,,1016.3,,03354,Nottingham
2022-05-01 00:00:00,13.0,9.0,17.3,,,1017.3,,03354,Nottingham
2022-06-01 00:00:00,15.3,10.6,20.0,33.0,,1015.3,,03354,Nottingham
2022-07-01 00:00:00,18.6,13.7,23.6,24.1,,1020.3,,03354,Nottingham
2022-08-01 00:00:00,18.6,13.4,23.7,20.8,,1018.2,,03354,Nottingham
2022-09-01 00:00:00,14.1,10.5,18.3,52.6,,1013.2,7064.0,03354,Nottingham
2022-10-01 00:00:00,12.3,9.1,16.0,118.0,,1012.7,6261.0,03354,Nottingham
2022-11-01 00:00:00,8.6,6.2,10.9,106.8,,1005.3,2852.0,03354,Nottingham
2022-12-01 00:00:00,3.7,1.5,6.3,59.8,,1010.7,3641.0,03354,Nottingham
2023-01-01 00:00:00,5.1,2.6,7.8,65.8,,1012.4,4041.0,03354,Nottingham
2023-02-01 00:00:00,6.5,3.8,9.6,7.3,,1027.5,3848.0,03354,Nottingham
2023-03-01 00:00:00,6.4,3.5,9.4,104.3,,1006.8,3946.0,03354,Nottingham
2023-04-01 00:00:00,8.2,4.3,12.2,75.2,,1016.3,8137.0,03354,Nottingham
2023-05-01 00:00:00,12.5,8.3,16.8,38.4,,1023.4,10952.0,03354,Nottingham
2023-06-01 00:00:00,16.6,11.9,21.7,59.9,,1018.5,13067.0,03354,Nottingham
2023-07-01 00:00:00,15.8,12.3,19.6,129.0,,1009.2,8207.0,03354,Nottingham
2023-08-01 00:00:00,16.0,12.1,20.1,70.0,,1012.6,9135.0,03354,Nottingham
2023-09-01 00:00:00,16.3,12.5,20.8,105.8,,1013.5,8208.0,03354,Nottingham
2023-10-01 00:00:00,11.5,8.4,15.0,147.8,,1006.3,4116.0,03354,Nottingham
2023-11-01 00:00:00,6.8,4.3,9.6,74.2,,1003.3,4143.0,03354,Nottingham
2023-12-01 00:00:00,6.6,4.3,8.4,151.4,,1008.6,2140.0,03354,Nottingham
2024-01-01 00:00:00,4.6,1.8,7.3,64.0,,1015.9,4342.0,03354,Nottingham
2024-02-01 00:00:00,7.4,4.6,10.2,115.1,,1007.6,2582.0,03354,Nottingham
2024-03-01 00:00:00,7.5,4.5,10.9,86.8,,1004.2,4193.0,03354,Nottingham
2024-04-01 00:00:00,9.1,5.7,12.6,78.1,,1011.8,5627.0,03354,Nottingham
2024-05-01 00:00:00,13.8,10.1,18.0,89.4,,1012.5,7249.0,03354,Nottingham
2024-06-01 00:00:00,14.4,10.1,18.3,45.2,,1013.9,8896.0,03354,Nottingham
2024-07-01 00:00:00,16.4,11.9,20.7,82.4,,1013.1,8245.0,03354,Nottingham
2024-08-01 00:00:00,16.9,12.7,20.9,,,1012.1,8817.0,03354,Nottingham
2024-09-01 00:00:00,13.2,10.0,17.0,,,1015.3,6542.0,03354,Nottingham
2024-10-01 00:00:00,10.9,7.7,14.2,71.6,,1013.0,4641.0,03354,Nottingham
2024-11-01 00:00:00,6.9,4.4,9.3,57.3,,1019.6,3798.0,03354,Nottingham
2024-12-01 00:00:00,6.7,4.7,8.8,,,1020.4,2329.0,03354,Nottingham
2025-01-01 00:00:00,3.0,0.7,5.4,85.5,,1011.8,4532.0,03354,Nottingham
2025-02-01 00:00:00,4.8,2.5,7.4,35.8,,1021.3,3133.0,03354,Nottingham
2025-03-01 00:00:00,7.5,3.5,12.2,,,1017.3,7590.0,03354,Nottingham
2025-04-01 00:00:00,10.4,5.0,16.1,12.4,,1018.2,11216.0,03354,Nottingham
2025-05-01 00:00:00,13.1,7.8,18.4,48.5,,1018.5,10366.0,03354,Nottingham
2025-06-01 00:00:00,17.6,12.7,22.5,18.1,,1014.8,8756.0,03354,Nottingham
2025-07-01 00:00:00,18.2,13.8,22.7,49.1,,1015.0,9632.0,03354,Nottingham
2025-08-01 00:00:00,17.5,12.9,22.3,18.4,,1015.9,10077.0,03354,Nottingham
2025-09-01 00:00:00,13.5,9.8,17.9,84.1,,1013.3,8004.0,03354,Nottingham
2025-10-01 00:00:00,11.0,8.5,13.7,64.0,,1013.0,4771.0,03354,Nottingham
2025-11-01 00:00:00,7.9,5.1,10.3,131.0,,1008.6,3289.0,03354,Nottingham
2025-12-01 00:00:00,6.6,4.3,8.6,80.2,,1013.8,3003.0,03354,Nottingham
2021-01-01 00:00:00,2.8,0.5,5.2,,,1010.4,,03462,Peterborough
2021-02-01 00:00:00,4.8,1.7,7.7,,,1014.2,,03462,Peterborough
2021-03-01 00:00:00,6.9,3.5,10.5,,,1020.4,,03462,Peterborough
2021-04-01 00:00:00,6.1,1.3,10.9,,,1023.2,,03462,Peterborough
2021-05-01 00:00:00,10.0,5.9,14.1,,,1009.0,,03462,Peterborough
2021-06-01 00:00:00,15.8,11.5,19.8,,,1018.3,,03462,Peterborough
2021-07-01 00:00:00,17.6,13.4,22.2,,,1013.9,,03462,Peterborough
2021-08-01 00:00:00,16.1,12.5,20.2,,,1016.1,,03462,Peterborough
2021-09-01 00:00:00,16.0,11.7,20.8,,,1017.4,,03462,Peterborough
2021-10-01 00:00:00,12.0,8.6,15.2,,,1013.0,,03462,Peterborough
2021-11-01 00:00:00,7.4,4.5,10.2,,,1016.2,,03462,Peterborough
2021-12-01 00:00:00,6.2,4.0,8.4,,,1011.1,,03462,Peterborough
2022-01-01 00:00:00,4.4,1.2,7.6,,,1024.0,,03462,Peterborough
2022-02-01 00:00:00,6.6,3.2,10.0,,,1012.5,,03462,Peterborough
2022-03-01 00:00:00,7.2,3.0,11.7,,,1022.3,,03462,Peterborough
2022-04-01 00:00:00,9.0,4.5,13.7,,,1015.8,,03462,Peterborough
2022-05-01 00:00:00,13.1,8.7,17.7,,,1017.2,,03462,Peterborough
2022-06-01 00:00:00,15.4,10.1,20.3,28.1,,1015.1,,03462,Peterborough
2022-07-01 00:00:00,19.2,13.5,24.6,19.6,,1020.0,,03462,Peterborough
2022-08-01 00:00:00,19.2,14.0,24.5,34.1,,1017.6,,03462,Peterborough
2022-09-01 00:00:00,14.4,10.4,18.9,36.8,,1012.8,7132.0,03462,Peterborough
2022-10-01 00:00:00,12.5,8.8,16.6,71.0,,1013.1,7158.0,03462,Peterborough
2022-11-01 00:00:00,8.9,6.2,11.4,100.6,,1005.7,3105.0,03462,Peterborough
2022-12-01 00:00:00,3.7,1.0,6.3,35.9,,1010.7,3863.0,03462,Peterborough
2023-01-01 00:00:00,4.8,1.5,8.1,38.4,,1012.7,4771.0,03462,Peterborough
2023-02-01 00:00:00,6.2,2.7,9.9,8.8,,1027.2,4606.0,03462,Peterborough
2023-03-01 00:00:00,6.8,3.8,10.0,81.4,,1006.8,4495.0,03462,Peterborough
2023-04-01 00:00:00,8.3,4.2,12.6,64.8,,1016.0,8817.0,03462,Peterborough
2023-05-01 00:00:00,12.2,8.0,16.5,37.6,,1022.9,10912.0,03462,Peterborough
2023-06-01 00:00:00,16.6,11.7,22.0,62.8,,1018.0,13705.0,03462,Peterborough
2023-07-01 00:00:00,16.3,12.2,20.7,76.2,,1009.4,9584.0,03462,Peterborough
2023-08-01 00:00:00,16.7,12.4,21.2,56.8,,1012.4,9333.0,03462,Peterborough
2023-09-01 00:00:00,16.8,12.5,21.8,69.6,,1013.5,9063.0,03462,Peterborough
2023-10-01 00:00:00,12.1,8.6,15.9,144.0,,1006.1,5188.0,03462,Peterborough
2023-11-01 00:00:00,7.0,4.2,9.8,64.6,,1003.2,4948.0,03462,Peterborough
2023-12-01 00:00:00,6.9,4.6,9.0,109.4,,1008.8,2358.0,03462,Peterborough
2024-01-01 00:00:00,4.7,1.6,7.5,56.8,,1015.9,4363.0,03462,Peterborough
2024-02-01 00:00:00,7.8,4.7,10.7,108.2,,1007.8,3174.0,03462,Peterborough
2024-03-01 00:00:00,7.9,4.5,11.4,55.7,,1004.3,4096.0,03462,Peterborough
2024-04-01 00:00:00,9.3,6.0,12.7,47.7,,1011.8,6116.0,03462,Peterborough
2024-05-01 00:00:00,13.6,9.8,17.7,55.4,,1012.2,7747.0,03462,Peterborough
2024-06-01 00:00:00,14.7,9.8,19.2,14.4,,1013.7,10423.0,03462,Peterborough
2024-07-01 00:00:00,16.8,12.2,21.5,66.6,,1013.0,8892.0,03462,Peterborough
2024-08-01 00:00:00,17.8,12.9,22.6,15.2,,1012.6,9912.0,03462,Peterborough
2024-09-01 00:00:00,13.9,10.6,17.9,142.8,,1013.9,7038.0,03462,Peterborough
2024-10-01 00:00:00,11.1,7.8,14.6,57.0,,1013.2,5731.0,03462,Peterborough
2024-11-01 00:00:00,7.1,4.7,9.5,66.7,,1019.4,3532.0,03462,Peterborough
2024-12-01 00:00:00,6.9,4.8,8.9,48.4,,1020.1,2730.0,03462,Peterborough
2025-01-01 00:00:00,3.0,0.3,6.0,47.4,,1011.9,4755.0,03462,Peterborough
2025-02-01 00:00:00,4.7,1.9,7.4,34.2,,1021.2,3246.0,03462,Peterborough
2025-03-01 00:00:00,7.4,2.6,12.6,,,1017.0,7647.0,03462,Peterborough
2025-04-01 00:00:00,10.3,5.0,15.8,19.2,,1017.9,10511.0,03462,Peterborough
2025-05-01 00:00:00,13.2,8.1,18.3,31.0,,1018.1,10580.0,03462,Peterborough
2025-06-01 00:00:00,18.0,12.6,23.3,16.6,,1015.0,11302.0,03462,Peterborough
2025-07-01 00:00:00,18.5,13.7,23.4,75.4,,1014.7,10827.0,03462,Peterborough
2025-08-01 00:00:00,17.7,12.7,23.1,13.1,,1015.8,10729.0,03462,Peterborough
2025-09-01 00:00:00,14.0,10.1,18.7,56.5,,1013.4,8604.0,03462,Peterborough
2025-10-01 00:00:00,11.1,8.3,14.0,49.4,,1013.0,4685.0,03462,Peterborough
2025-11-01 00:00:00,8.3,5.3,10.8,139.0,,1008.6,3194.0,03462,Peterborough
2025-12-01 00:00:00,6.7,4.2,9.0,68.0,,1014.0,3167.0,03462,Peterborough
2021-01-01 00:00:00,3.3,0.8,5.5,,,1010.2,,03534,Birmingham
2021-02-01 00:00:00,5.0,1.8,7.8,,,1013.2,,03534,Birmingham
2021-03-01 00:00:00,7.1,3.6,10.4,,,1020.7,,03534,Birmingham
2021-04-01 00:00:00,6.8,1.5,11.4,,,1023.2,,03534,Birmingham
2021-05-01 00:00:00,10.2,6.4,13.9,,,1008.9,,03534,Birmingham
2021-06-01 00:00:00,16.1,11.8,20.1,,,1018.6,,03534,Birmingham
2021-07-01 00:00:00,18.3,14.4,22.3,,,1014.3,,03534,Birmingham
2021-08-01 00:00:00,16.0,12.8,19.4,,,1016.6,,03534,Birmingham
2021-09-01 00:00:00,15.8,11.6,20.4,,,1017.6,,03534,Birmingham
2021-10-01 00:00:00,12.1,8.9,14.8,,,1013.0,,03534,Birmingham
2021-11-01 00:00:00,7.7,4.7,10.2,,,1016.9,,03534,Birmingham
2021-12-01 00:00:00,6.8,4.6,8.8,,,1011.1,,03534,Birmingham
2022-01-01 00:00:00,4.7,1.1,7.9,,,1024.3,,03534,Birmingham
2022-02-01 00:00:00,7.3,4.0,10.3,,,1012.9,,03534,Birmingham
2022-03-01 00:00:00,7.3,2.5,11.9,,,1021.7,,03534,Birmingham
2022-04-01 00:00:00,9.1,4.1,13.6,,,1015.9,,03534,Birmingham
2022-05-01 00:00:00,13.2,9.1,17.4,,,1017.5,,03534,Birmingham
2022-06-01 00:00:00,15.3,9.9,19.9,42.9,,1015.3,,03534,Birmingham
2022-07-01 00:00:00,18.6,13.2,23.5,40.3,,1020.6,,03534,Birmingham
2022-08-01 00:00:00,18.8,13.2,24.0,34.5,,1018.1,,03534,Birmingham
2022-09-01 00:00:00,14.1,10.2,18.1,70.8,,1013.2,6899.0,03534,Birmingham
2022-10-01 00:00:00,12.6,8.6,16.3,68.6,,1012.7,6151.0,03534,Birmingham
2022-11-01 00:00:00,9.1,6.1,11.6,100.1,,1005.4,3530.0,03534,Birmingham
2022-12-01 00:00:00,3.9,1.4,6.7,45.2,,1010.3,3882.0,03534,Birmingham
2023-01-01 00:00:00,5.3,2.1,8.2,48.5,,1012.8,3958.0,03534,Birmingham
2023-02-01 00:00:00,6.4,2.9,9.9,9.3,,1027.5,4264.0,03534,Birmingham
2023-03-01 00:00:00,6.9,4.0,9.7,93.6,,1006.6,3933.0,03534,Birmingham
2023-04-01 00:00:00,8.5,4.2,12.4,58.1,,1015.9,7919.0,03534,Birmingham
2023-05-01 00:00:00,12.7,8.1,17.1,51.9,,1023.0,11158.0,03534,Birmingham
2023-06-01 00:00:00,17.1,12.0,22.4,64.1,,1018.1,13226.0,03534,Birmingham
2023-07-01 00:00:00,16.2,12.7,19.7,105.9,,1009.6,8726.0,03534,Birmingham
2023-08-01 00:00:00,16.4,12.5,19.9,67.1,,1012.8,8511.0,03534,Birmingham
2023-09-01 00:00:00,16.6,12.1,21.1,70.9,,1013.5,8092.0,03534,Birmingham
2023-10-01 00:00:00,12.0,8.6,15.7,118.2,,1006.1,4420.0,03534,Birmingham
2023-11-01 00:00:00,7.3,4.2,10.2,52.2,,1003.4,4281.0,03534,Birmingham
2023-12-01 00:00:00,7.3,4.7,9.2,131.3,,1008.9,2174.0,03534,Birmingham
2024-01-01 00:00:00,5.0,1.6,7.8,44.1,,1015.9,4314.0,03534,Birmingham
2024-02-01 00:00:00,8.0,4.9,10.8,92.5,,1007.7,2678.0,03534,Birmingham
2024-03-01 00:00:00,7.8,4.4,11.2,97.9,,1003.7,4273.0,03534,Birmingham
2024-04-01 00:00:00,9.5,6.0,13.1,68.0,,1011.8,5594.0,03534,Birmingham
2024-05-01 00:00:00,14.0,9.8,18.1,82.4,,1012.3,7408.0,03534,Birmingham
2024-06-01 00:00:00,14.6,9.9,18.5,39.2,,1014.2,8936.0,03534,Birmingham
2024-07-01 00:00:00,16.5,11.9,20.5,67.1,,1013.4,8051.0,03534,Birmingham
2024-08-01 00:00:00,17.0,12.4,21.3,,,1012.7,8949.0,03534,Birmingham
2024-09-01 00:00:00,13.7,10.3,17.4,,,1015.4,6205.0,03534,Birmingham
2024-10-01 00:00:00,11.2,8.0,14.2,77.7,,1013.1,4761.0,03534,Birmingham
2024-11-01 00:00:00,7.5,4.7,9.7,60.7,,1019.4,2988.0,03534,Birmingham
2024-12-01 00:00:00,7.1,5.3,9.0,,,1020.9,1684.0,03534,Birmingham
2025-01-01 00:00:00,3.4,0.6,6.3,74.7,,1011.7,3855.0,03534,Birmingham
2025-02-01 00:00:00,5.1,2.6,7.6,45.0,,1020.7,2665.0,03534,Birmingham
2025-03-01 00:00:00,7.8,3.1,12.5,,,1017.0,6824.0,03534,Birmingham
2025-04-01 00:00:00,10.8,5.2,16.2,,,1017.5,10134.0,03534,Birmingham
2025-05-01 00:00:00,13.8,8.6,18.6,27.6,,1018.4,9471.0,03534,Birmingham
2025-06-01 00:00:00,17.9,13.2,22.6,40.9,,1015.3,8130.0,03534,Birmingham
2025-07-01 00:00:00,18.9,14.5,23.2,45.1,,1015.3,9874.0,03534,Birmingham
2025-08-01 00:00:00,18.2,13.6,22.8,32.2,,1016.0,10716.0,03534,Birmingham
2025-09-01 00:00:00,13.5,9.2,17.9,72.6,,1013.4,7942.0,03534,Birmingham
2025-10-01 00:00:00,11.2,8.2,13.9,65.4,,1013.2,4265.0,03534,Birmingham
2025-11-01 00:00:00,8.3,4.8,11.0,144.9,,1008.4,3350.0,03534,Birmingham
2025-12-01 00:00:00,6.9,3.8,9.1,99.2,,1013.3,3076.0,03534,Birmingham
2021-01-01 00:00:00,5.6,3.0,7.8,,,1012.3,,03827,Plymouth
2021-02-01 00:00:00,6.8,4.5,9.2,,,1012.8,,03827,Plymouth
2021-03-01 00:00:00,8.0,4.8,11.3,,,1023.1,,03827,Plymouth
2021-04-01 00:00:00,8.0,3.7,12.6,,,1022.8,,03827,Plymouth
2021-05-01 00:00:00,10.5,7.2,13.9,,,1011.0,,03827,Plymouth
2021-06-01 00:00:00,15.3,11.7,19.1,,,1018.9,,03827,Plymouth
2021-07-01 00:00:00,17.4,14.3,21.0,,,1015.1,,03827,Plymouth
2021-08-01 00:00:00,16.1,13.2,19.5,,,1017.9,,03827,Plymouth
2021-09-01 00:00:00,15.9,12.8,19.6,,,1018.2,,03827,Plymouth
2021-10-01 00:00:00,13.1,10.5,15.9,,,1015.2,,03827,Plymouth
2021-11-01 00:00:00,9.0,6.3,11.7,,,1019.8,,03827,Plymouth
2021-12-01 00:00:00,9.1,7.2,10.6,,,1013.0,,03827,Plymouth
2022-01-01 00:00:00,7.1,4.3,9.6,,,1027.1,,03827,Plymouth
2022-02-01 00:00:00,8.5,5.6,10.7,,,1018.3,,03827,Plymouth
2022-03-01 00:00:00,9.0,6.0,12.3,,,1020.1,,03827,Plymouth
2022-04-01 00:00:00,9.9,6.4,14.1,,,1016.2,,03827,Plymouth
2022-05-01 00:00:00,12.7,9.2,16.6,,,1019.3,,03827,Plymouth
2022-06-01 00:00:00,15.1,10.9,19.3,65.9,,1016.0,,03827,Plymouth
2022-07-01 00:00:00,18.0,13.4,22.8,7.2,,1021.8,,03827,Plymouth
2022-08-01 00:00:00,18.8,14.4,23.6,38.4,,1018.1,,03827,Plymouth
2022-09-01 00:00:00,15.0,11.7,18.9,89.0,,1013.7,7737.0,03827,Plymouth
2022-10-01 00:00:00,14.2,11.5,16.8,87.8,,1013.3,5943.0,03827,Plymouth
2022-11-01 00:00:00,11.0,8.8,13.0,217.3,,1007.3,4416.0,03827,Plymouth
2022-12-01 00:00:00,6.1,4.0,8.4,148.8,,1011.2,3493.0,03827,Plymouth
2023-01-01 00:00:00,6.7,4.0,9.3,114.6,,1016.3,4230.0,03827,Plymouth
2023-02-01 00:00:00,7.2,4.4,10.1,8.8,,1029.5,5813.0,03827,Plymouth
2023-03-01 00:00:00,8.4,6.2,10.7,145.6,,1008.2,4587.0,03827,Plymouth
2023-04-01 00:00:00,9.6,6.6,13.2,92.6,,1016.2,8568.0,03827,Plymouth
2023-05-01 00:00:00,13.4,9.3,17.9,69.6,,1022.5,14760.0,03827,Plymouth
2023-06-01 00:00:00,17.5,13.4,22.0,25.2,,1017.5,14929.0,03827,Plymouth
2023-07-01 00:00:00,16.2,13.5,19.4,122.1,,1012.2,8900.0,03827,Plymouth
2023-08-01 00:00:00,16.3,13.5,19.7,77.4,,1014.5,8110.0,03827,Plymouth
2023-09-01 00:00:00,17.0,14.1,20.5,80.6,,1013.9,7058.0,03827,Plymouth
2023-10-01 00:00:00,13.7,11.3,16.3,118.6,,1006.6,4776.0,03827,Plymouth
2023-11-01 00:00:00,9.5,7.1,11.7,159.6,,1006.2,2757.0,03827,Plymouth
2023-12-01 00:00:00,9.5,7.3,11.2,163.8,,1012.8,1361.0,03827,Plymouth
2024-01-01 00:00:00,6.1,3.5,8.5,75.7,,1018.1,3489.0,03827,Plymouth
2024-02-01 00:00:00,9.1,6.8,11.0,179.4,,1010.5,1823.0,03827,Plymouth
2024-03-01 00:00:00,8.6,6.1,11.1,205.5,,1004.1,3676.0,03827,Plymouth
2024-04-01 00:00:00,10.2,7.6,13.0,84.2,,1013.8,4963.0,03827,Plymouth
2024-05-01 00:00:00,13.5,10.2,17.3,67.8,,1012.9,9025.0,03827,Plymouth
2024-06-01 00:00:00,14.8,10.7,19.0,25.8,,1016.0,9664.0,03827,Plymouth
2024-07-01 00:00:00,16.2,12.9,19.8,118.1,,1014.8,7733.0,03827,Plymouth
2024-08-01 00:00:00,16.9,13.8,20.2,41.6,,1014.8,6356.0,03827,Plymouth
2024-09-01 00:00:00,14.7,11.6,18.2,95.4,,1014.7,7020.0,03827,Plymouth
2024-10-01 00:00:00,13.1,10.4,16.0,138.0,,1013.1,5542.0,03827,Plymouth
2024-11-01 00:00:00,10.2,7.5,12.8,111.3,,1019.7,2751.0,03827,Plymouth
2024-12-01 00:00:00,8.7,6.6,10.3,52.9,,1023.9,1531.0,03827,Plymouth
2025-01-01 00:00:00,6.2,3.5,8.7,128.6,,1013.1,2951.0,03827,Plymouth
2025-02-01 00:00:00,7.1,5.1,9.4,77.6,,1020.1,3324.0,03827,Plymouth
2025-03-01 00:00:00,8.5,4.9,12.6,8.0,,1016.4,7879.0,03827,Plymouth
2025-04-01 00:00:00,11.5,7.8,15.7,122.4,,1015.7,11367.0,03827,Plymouth
2025-05-01 00:00:00,14.0,10.2,18.1,33.0,,1018.6,11921.0,03827,Plymouth
2025-06-01 00:00:00,16.3,13.2,19.9,90.0,,1017.4,9619.0,03827,Plymouth
2025-07-01 00:00:00,18.0,14.4,22.3,32.4,,1017.1,13722.0,03827,Plymouth
2025-08-01 00:00:00,17.6,14.1,21.6,89.8,,1016.7,13766.0,03827,Plymouth
2025-09-01 00:00:00,14.3,11.0,18.0,119.2,,1014.9,9780.0,03827,Plymouth
2025-10-01 00:00:00,12.7,10.3,15.2,81.8,,1015.1,5978.0,03827,Plymouth
2025-11-01 00:00:00,10.4,8.1,12.7,135.6,,1010.0,4092.0,03827,Plymouth
2025-12-01 00:00:00,8.5,6.0,10.4,204.1,,1013.2,2731.0,03827,Plymouth
2021-01-01 00:00:00,5.7,3.0,8.0,,,1011.9,,03839,Exeter
2021-02-01 00:00:00,6.8,3.6,9.3,,,1013.2,,03839,Exeter
2021-03-01 00:00:00,8.0,4.0,11.7,,,1022.6,,03839,Exeter
2021-04-01 00:00:00,7.7,2.5,12.8,,,1023.0,,03839,Exeter
2021-05-01 00:00:00,10.9,7.2,14.6,,,1010.5,,03839,Exeter
2021-06-01 00:00:00,16.0,11.6,20.8,,,1018.6,,03839,Exeter
2021-07-01 00:00:00,18.3,14.2,23.0,,,1014.7,,03839,Exeter
2021-08-01 00:00:00,16.6,12.8,20.5,,,1017.4,,03839,Exeter
2021-09-01 00:00:00,16.2,11.5,20.9,,,1017.9,,03839,Exeter
2021-10-01 00:00:00,13.3,9.7,16.8,,,1014.6,,03839,Exeter
2021-11-01 00:00:00,8.8,5.3,12.0,,,1019.0,,03839,Exeter
2021-12-01 00:00:00,8.9,6.1,11.1,,,1012.7,,03839,Exeter
2022-01-01 00:00:00,6.2,2.4,9.7,,,1026.5,,03839,Exeter
2022-02-01 00:00:00,8.6,4.6,11.6,,,1017.1,,03839,Exeter
2022-03-01 00:00:00,8.6,4.4,12.7,,,1020.5,,03839,Exeter
2022-04-01 00:00:00,9.9,5.0,14.7,,,1016.0,,03839,Exeter
2022-05-01 00:00:00,13.4,8.7,18.0,,,1018.8,,03839,Exeter
2022-06-01 00:00:00,15.5,9.8,21.0,55.0,,1015.7,,03839,Exeter
2022-07-01 00:00:00,18.3,12.2,23.9,12.9,,1021.4,,03839,Exeter
2022-08-01 00:00:00,19.3,12.9,25.3,14.6,,1017.9,,03839,Exeter
2022-09-01 00:00:00,14.8,10.2,19.1,103.3,,1013.5,7514.0,03839,Exeter
2022-10-01 00:00:00,14.0,9.8,17.6,120.1,,1013.2,6546.0,03839,Exeter
2022-11-01 00:00:00,10.5,7.2,13.1,141.2,,1006.9,4515.0,03839,Exeter
2022-12-01 00:00:00,5.4,1.9,8.0,100.2,,1011.2,3040.0,03839,Exeter
2023-01-01 00:00:00,6.2,2.5,9.3,98.4,,1015.7,4159.0,03839,Exeter
2023-02-01 00:00:00,6.7,2.9,10.5,3.9,,1029.1,5037.0,03839,Exeter
2023-03-01 00:00:00,8.3,5.5,11.0,142.8,,1007.8,3977.0,03839,Exeter
2023-04-01 00:00:00,9.4,5.1,13.0,68.5,,1016.1,8442.0,03839,Exeter
2023-05-01 00:00:00,13.8,8.9,18.8,48.6,,1022.4,14460.0,03839,Exeter
2023-06-01 00:00:00,18.2,12.5,23.9,34.0,,1017.4,14995.0,03839,Exeter
2023-07-01 00:00:00,16.9,12.9,20.7,107.3,,1011.4,9486.0,03839,Exeter
2023-08-01 00:00:00,16.9,12.9,21.2,90.8,,1013.8,8676.0,03839,Exeter
2023-09-01 00:00:00,16.9,12.1,21.6,95.4,,1013.7,7596.0,03839,Exeter
2023-10-01 00:00:00,13.3,9.5,17.3,123.7,,1006.4,5513.0,03839,Exeter
2023-11-01 00:00:00,9.1,5.9,12.1,125.0,,1005.5,4018.0,03839,Exeter
2023-12-01 00:00:00,9.1,6.2,11.4,111.2,,1011.9,2998.0,03839,Exeter
2024-01-01 00:00:00,5.6,1.9,8.8,75.5,,1017.6,4782.0,03839,Exeter
2024-02-01 00:00:00,9.2,5.9,12.1,137.2,,1009.7,2449.0,03839,Exeter
2024-03-01 00:00:00,8.7,5.1,12.2,128.4,,1003.9,4218.0,03839,Exeter
2024-04-01 00:00:00,10.4,6.6,14.0,73.0,,1013.3,6017.0,03839,Exeter
2024-05-01 00:00:00,13.6,9.2,18.1,94.7,,1012.6,9251.0,03839,Exeter
2024-06-01 00:00:00,15.2,9.8,20.3,22.8,,1015.4,11678.0,03839,Exeter
2024-07-01 00:00:00,16.7,12.1,21.5,92.4,,1014.2,8801.0,03839,Exeter
2024-08-01 00:00:00,17.6,12.7,22.6,,,1014.2,7348.0,03839,Exeter
2024-09-01 00:00:00,14.3,10.3,18.6,,,1015.4,7252.0,03839,Exeter
2024-10-01 00:00:00,12.6,8.9,16.1,114.9,,1012.9,5730.0,03839,Exeter
2024-11-01 00:00:00,9.2,5.5,12.2,100.8,,1019.6,2258.0,03839,Exeter
2024-12-01 00:00:00,8.4,5.7,10.6,,,1023.5,1995.0,03839,Exeter
2025-01-01 00:00:00,5.2,1.6,8.5,125.8,,1012.8,3612.0,03839,Exeter
2025-02-01 00:00:00,6.5,3.8,9.1,102.8,,1020.2,3105.0,03839,Exeter
2025-03-01 00:00:00,7.8,3.0,12.7,,,1016.1,7157.0,03839,Exeter
2025-04-01 00:00:00,10.9,4.9,16.3,,,1016.0,9336.0,03839,Exeter
2025-05-01 00:00:00,14.4,8.5,20.0,28.3,,1018.3,10662.0,03839,Exeter
2025-06-01 00:00:00,17.3,12.9,21.9,72.1,,1016.9,9676.0,03839,Exeter
2025-07-01 00:00:00,18.7,13.5,24.1,50.7,,1016.4,13542.0,03839,Exeter
2025-08-01 00:00:00,17.7,12.1,23.1,50.8,,1016.5,12962.0,03839,Exeter
2025-09-01 00:00:00,14.1,9.2,18.8,71.2,,1014.5,8708.0,03839,Exeter
2025-10-01 00:00:00,12.3,8.8,15.5,75.1,,1014.7,5247.0,03839,Exeter
2025-11-01 00:00:00,9.9,6.3,12.6,117.6,,1009.9,4068.0,03839,Exeter
2025-12-01 00:00:00,7.8,4.5,10.3,135.6,,1013.6,3586.0,03839,Exeter
2021-01-01 00:00:00,5.0,3.1,6.7,,,1011.7,,03726,Bristol
2021-02-01 00:00:00,6.1,3.9,8.3,,,1013.7,,03726,Bristol
2021-03-01 00:00:00,7.9,5.1,11.0,,,1022.2,,03726,Bristol
2021-04-01 00:00:00,7.7,3.8,11.5,,,1023.5,,03726,Bristol
2021-05-01 00:00:00,11.0,8.0,13.9,,,1010.1,,03726,Bristol
2021-06-01 00:00:00,16.0,12.7,19.2,,,1018.8,,03726,Bristol
2021-07-01 00:00:00,18.5,15.3,21.7,,,1014.8,,03726,Bristol
2021-08-01 00:00:00,16.5,13.9,19.4,,,1017.3,,03726,Bristol
2021-09-01 00:00:00,16.5,13.5,19.8,,,1018.1,,03726,Bristol
2021-10-01 00:00:00,13.1,10.8,15.3,,,1014.4,,03726,Bristol
2021-11-01 00:00:00,8.6,6.4,10.7,,,1018.7,,03726,Bristol
2021-12-01 00:00:00,7.9,6.2,9.4,,,1012.5,,03726,Bristol
2022-01-01 00:00:00,5.8,3.5,8.2,,,1026.2,,03726,Bristol
2022-02-01 00:00:00,8.1,5.8,10.1,,,1015.8,,03726,Bristol
2022-03-01 00:00:00,8.6,5.4,12.2,,,1021.5,,03726,Bristol
2022-04-01 00:00:00,9.8,6.4,13.5,,,1016.5,,03726,Bristol
2022-05-01 00:00:00,13.8,10.9,17.0,,,1019.1,,03726,Bristol
2022-06-01 00:00:00,,,,,,,,03726,Bristol
2022-07-01 00:00:00,19.0,15.2,22.8,,,1021.3,,03726,Bristol
2022-08-01 00:00:00,19.5,15.6,23.6,,,1018.3,,03726,Bristol
2022-09-01 00:00:00,15.2,12.3,18.4,,,1013.7,7402.0,03726,Bristol
2022-10-01 00:00:00,13.9,11.3,16.5,,,1013.4,6564.0,03726,Bristol
2022-11-01 00:00:00,10.2,8.2,12.1,,,1006.6,4200.0,03726,Bristol
2022-12-01 00:00:00,5.0,3.4,6.9,,,1011.5,3234.0,03726,Bristol
2023-01-01 00:00:00,6.1,3.9,8.3,,,1014.9,4393.0,03726,Bristol
2023-02-01 00:00:00,6.8,4.5,9.4,,,1029.1,4546.0,03726,Bristol
2023-03-01 00:00:00,7.8,5.9,9.8,,,1007.7,3918.0,03726,Bristol
2023-04-01 00:00:00,9.3,6.3,12.5,,,1016.4,7961.0,03726,Bristol
2023-05-01 00:00:00,13.5,10.0,17.2,,,1023.0,13422.0,03726,Bristol
2023-06-01 00:00:00,17.9,13.9,22.0,,,1018.0,15356.0,03726,Bristol
2023-07-01 00:00:00,16.6,14.2,19.0,,,1011.0,9481.0,03726,Bristol
2023-08-01 00:00:00,16.9,14.1,19.9,,,1013.6,8801.0,03726,Bristol
2023-09-01 00:00:00,17.3,13.6,20.9,,,1013.9,8241.0,03726,Bristol
2023-10-01 00:00:00,12.9,10.5,15.5,,,1006.6,5436.0,03726,Bristol
2023-11-01 00:00:00,8.3,6.3,10.3,,,1005.0,3780.0,03726,Bristol
2023-12-01 00:00:00,8.0,6.2,9.6,,,1011.1,1948.0,03726,Bristol
2024-01-01 00:00:00,5.3,3.2,7.5,,,1017.5,4108.0,03726,Bristol
2024-02-01 00:00:00,8.5,6.3,10.6,,,1009.3,2395.0,03726,Bristol
2024-03-01 00:00:00,8.0,5.5,10.5,,,1004.2,4200.0,03726,Bristol
2024-04-01 00:00:00,9.8,7.2,12.3,,,1013.1,6319.0,03726,Bristol
2024-05-01 00:00:00,13.7,10.0,16.9,,,1012.8,9166.0,03726,Bristol
2024-06-01 00:00:00,14.8,10.5,18.3,,,1015.2,11454.0,03726,Bristol
2024-07-01 00:00:00,16.7,12.7,20.2,,,1014.0,8995.0,03726,Bristol
2024-08-01 00:00:00,17.3,13.6,20.7,,,1013.7,8643.0,03726,Bristol
2024-09-01 00:00:00,14.0,11.1,17.1,,,1015.7,6920.0,03726,Bristol
2024-10-01 00:00:00,11.8,9.3,14.5,,,1013.5,5278.0,03726,Bristol
2024-11-01 00:00:00,8.0,6.0,10.2,,,1019.9,2248.0,03726,Bristol
2024-12-01 00:00:00,6.9,5.4,8.6,,,1022.7,1919.0,03726,Bristol
2025-01-01 00:00:00,3.8,1.8,5.9,,,1012.8,3489.0,03726,Bristol
2025-02-01 00:00:00,5.2,3.6,7.0,,,1020.7,2393.0,03726,Bristol
2025-03-01 00:00:00,7.2,4.1,10.5,,,1016.7,7157.0,03726,Bristol
2025-04-01 00:00:00,10.6,6.6,14.8,,,1016.8,10012.0,03726,Bristol
2025-05-01 00:00:00,14.7,10.4,18.7,,,1018.6,10847.0,03726,Bristol
2025-06-01 00:00:00,17.6,14.5,20.7,,,1016.7,10322.0,03726,Bristol
2025-07-01 00:00:00,19.2,15.6,22.6,,,1016.1,14094.0,03726,Bristol
2025-08-01 00:00:00,18.3,14.4,22.3,38.1,,1016.5,13224.0,03726,Bristol
2025-09-01 00:00:00,14.1,10.8,17.7,100.6,,1014.4,8390.0,03726,Bristol
2025-10-01 00:00:00,12.0,9.5,14.9,73.4,,1014.5,5124.0,03726,Bristol
2025-11-01 00:00:00,9.3,7.1,11.3,130.8,,1010.0,3853.0,03726,Bristol
2025-12-01 00:00:00,7.3,5.1,9.3,119.1,,1014.2,3544.0,03726,Bristol
2021-01-01 00:00:00,3.1,1.0,5.1,,,1011.3,,03779,London
2021-02-01 00:00:00,4.8,2.6,7.0,,,1015.2,,03779,London
2021-03-01 00:00:00,6.8,3.6,10.3,,,1022.0,,03779,London
2021-04-01 00:00:00,6.2,1.9,10.4,,,1023.2,,03779,London
2021-05-01 00:00:00,10.4,6.6,13.8,,,1010.4,,03779,London
2021-06-01 00:00:00,16.3,12.2,20.6,,,1018.3,,03779,London
2021-07-01 00:00:00,17.7,13.8,21.7,,,1014.7,,03779,London
2021-08-01 00:00:00,15.9,12.5,19.4,,,1017.0,,03779,London
2021-09-01 00:00:00,16.1,12.6,20.0,,,1018.2,,03779,London
2021-10-01 00:00:00,11.9,9.1,14.8,,,1015.0,,03779,London
2021-11-01 00:00:00,6.9,4.7,9.4,,,1017.6,,03779,London
2021-12-01 00:00:00,6.5,4.6,8.2,,,1012.8,,03779,London
2022-01-01 00:00:00,4.3,2.0,6.8,,,1025.8,,03779,London
2022-02-01 00:00:00,6.8,4.0,9.5,,,1015.6,,03779,London
2022-03-01 00:00:00,7.7,4.4,11.5,,,1022.4,,03779,London
2022-04-01 00:00:00,9.3,5.2,13.4,,,1016.2,,03779,London
2022-05-01 00:00:00,13.5,9.5,17.4,,,1018.9,,03779,London
2022-06-01 00:00:00,,,,,,,,03779,London
2022-07-01 00:00:00,19.2,13.9,24.7,,,1020.9,,03779,London
2022-08-01 00:00:00,19.3,14.4,24.8,,,1018.0,,03779,London
2022-09-01 00:00:00,14.4,11.2,18.1,,,1013.5,7020.0,03779,London
2022-10-01 00:00:00,13.3,10.2,16.4,,,1014.7,6891.0,03779,London
2022-11-01 00:00:00,9.3,7.2,11.4,,,1007.7,3544.0,03779,London
2022-12-01 00:00:00,3.8,1.9,5.8,,,1012.0,3502.0,03779,London
2023-01-01 00:00:00,4.7,2.4,7.1,,,1014.9,4183.0,03779,London
2023-02-01 00:00:00,5.8,3.4,8.9,,,1028.6,4375.0,03779,London
2023-03-01 00:00:00,6.9,4.5,9.4,,,1008.3,3563.0,03779,London
2023-04-01 00:00:00,8.4,4.8,12.1,,,1016.5,8381.0,03779,London
2023-05-01 00:00:00,12.2,8.1,16.2,,,1022.7,10776.0,03779,London
2023-06-01 00:00:00,17.5,12.1,22.9,,,1017.9,16475.0,03779,London
2023-07-01 00:00:00,16.7,12.7,20.3,,,1011.1,9808.0,03779,London
2023-08-01 00:00:00,16.6,12.7,20.7,,,1013.6,9688.0,03779,London
2023-09-01 00:00:00,18.1,13.5,22.8,,,1014.4,8886.0,03779,London
2023-10-01 00:00:00,13.0,10.1,16.5,,,1007.2,5145.0,03779,London
2023-11-01 00:00:00,7.1,4.7,9.7,,,1004.8,3433.0,03779,London
2023-12-01 00:00:00,7.3,5.1,9.2,,,1011.2,1742.0,03779,London
2024-01-01 00:00:00,4.3,1.9,6.9,,,1017.4,3533.0,03779,London
2024-02-01 00:00:00,8.3,5.6,10.9,,,1009.5,2112.0,03779,London
2024-03-01 00:00:00,8.5,5.6,11.5,,,1005.3,3122.0,03779,London
2024-04-01 00:00:00,10.1,6.8,13.4,,,1013.3,5618.0,03779,London
2024-05-01 00:00:00,14.3,9.8,18.4,,,1012.7,6893.0,03779,London
2024-06-01 00:00:00,15.3,10.0,19.7,,,1014.7,10481.0,03779,London
2024-07-01 00:00:00,17.5,12.8,21.6,,,1014.0,8131.0,03779,London
2024-08-01 00:00:00,18.3,13.7,22.8,,,1013.8,9073.0,03779,London
2024-09-01 00:00:00,14.4,10.7,18.3,,,1015.2,6601.0,03779,London
2024-10-01 00:00:00,11.7,8.5,14.8,,,1014.1,4352.0,03779,London
2024-11-01 00:00:00,7.2,4.9,9.6,,,1020.2,2856.0,03779,London
2024-12-01 00:00:00,6.5,4.8,8.3,,,1022.0,1868.0,03779,London
2025-01-01 00:00:00,3.2,1.1,5.4,,,1013.3,3713.0,03779,London
2025-02-01 00:00:00,4.5,2.5,6.7,,,1021.6,2892.0,03779,London
2025-03-01 00:00:00,7.3,4.0,11.0,,,1017.1,8126.0,03779,London
2025-04-01 00:00:00,10.8,6.4,15.3,,,1017.4,11319.0,03779,London
2025-05-01 00:00:00,14.4,9.9,18.9,,,1018.3,8498.0,03779,London
2025-06-01 00:00:00,18.7,13.9,23.5,,,1016.5,9242.0,03779,London
2025-07-01 00:00:00,19.7,15.2,24.0,,,1015.5,10448.0,03779,London
2025-08-01 00:00:00,18.7,14.0,23.3,51.9,,1016.4,10554.0,03779,London
2025-09-01 00:00:00,14.5,11.0,18.2,78.0,,1014.7,7911.0,03779,London
2025-10-01 00:00:00,12.1,9.3,15.0,84.1,,1014.4,4799.0,03779,London
2025-11-01 00:00:00,9.2,6.8,11.4,115.1,,1010.1,3110.0,03779,London
2025-12-01 00:00:00,7.7,5.5,9.6,73.9,,1015.0,2783.0,03779,London
2021-01-01 00:00:00,4.2,1.4,6.7,,,1011.5,,03876,Brighton
2021-02-01 00:00:00,5.6,3.0,7.9,62.0,,1015.2,,03876,Brighton
2021-03-01 00:00:00,6.9,2.4,10.7,29.1,,1022.6,,03876,Brighton
2021-04-01 00:00:00,6.6,1.7,11.2,10.0,,1022.6,,03876,Brighton
2021-05-01 00:00:00,10.8,6.8,14.4,97.8,,1011.0,,03876,Brighton
2021-06-01 00:00:00,15.8,12.0,19.1,108.4,,1018.3,,03876,Brighton
2021-07-01 00:00:00,17.4,14.2,20.6,98.8,,1015.0,,03876,Brighton
2021-08-01 00:00:00,16.5,12.9,19.9,51.8,,1017.4,,03876,Brighton
2021-09-01 00:00:00,16.4,12.1,20.4,44.5,,1018.3,,03876,Brighton
2021-10-01 00:00:00,13.1,9.2,16.1,134.8,,1015.7,,03876,Brighton
2021-11-01 00:00:00,8.1,4.9,10.9,11.2,,1017.8,,03876,Brighton
2021-12-01 00:00:00,8.1,5.5,9.9,96.9,,1013.3,,03876,Brighton
2022-01-01 00:00:00,5.3,1.9,8.6,23.7,,1026.3,,03876,Brighton
2022-02-01 00:00:00,7.8,4.2,10.5,53.4,,1017.2,,03876,Brighton
2022-03-01 00:00:00,8.5,5.1,11.8,58.1,,1021.8,,03876,Brighton
2022-04-01 00:00:00,9.5,5.0,13.8,32.4,,1015.9,,03876,Brighton
2022-05-01 00:00:00,13.0,8.7,16.6,,,1018.9,,03876,Brighton
2022-06-01 00:00:00,15.5,10.9,19.3,45.8,,1016.3,,03876,Brighton
2022-07-01 00:00:00,18.8,14.0,22.7,11.3,,1021.3,,03876,Brighton
2022-08-01 00:00:00,19.1,14.4,23.6,55.0,,1017.9,,03876,Brighton
2022-09-01 00:00:00,14.9,11.0,18.9,114.3,,1013.4,,03876,Brighton
2022-10-01 00:00:00,14.6,10.4,17.6,62.8,,1015.0,,03876,Brighton
2022-11-01 00:00:00,10.8,7.3,13.4,214.5,,1008.4,,03876,Brighton
2022-12-01 00:00:00,4.9,2.2,7.5,96.1,,1012.1,,03876,Brighton
2023-01-01 00:00:00,5.8,2.5,8.5,84.4,,1015.7,,03876,Brighton
2023-02-01 00:00:00,5.9,2.3,9.3,5.2,,1028.8,,03876,Brighton
2023-03-01 00:00:00,7.6,5.3,9.9,97.4,,1008.9,,03876,Brighton
2023-04-01 00:00:00,9.0,5.1,12.5,85.0,,1016.3,,03876,Brighton
2023-05-01 00:00:00,12.6,8.0,16.9,31.4,,1022.2,,03876,Brighton
2023-06-01 00:00:00,17.3,12.8,22.0,35.1,,1017.6,,03876,Brighton
2023-07-01 00:00:00,17.1,13.6,20.3,61.8,,1012.0,,03876,Brighton
2023-08-01 00:00:00,16.9,13.2,20.5,49.0,,1014.0,,03876,Brighton
2023-09-01 00:00:00,17.9,14.0,21.9,45.4,,1014.6,,03876,Brighton
2023-10-01 00:00:00,13.7,9.7,17.1,185.9,,1007.6,,03876,Brighton
2023-11-01 00:00:00,8.7,5.3,11.6,138.4,,1005.3,,03876,Brighton
2023-12-01 00:00:00,8.6,5.8,10.7,94.0,,1012.3,,03876,Brighton
2024-01-01 00:00:00,5.2,2.3,7.8,59.0,,1017.9,,03876,Brighton
2024-02-01 00:00:00,8.6,5.9,10.8,146.6,,1010.5,,03876,Brighton
2024-03-01 00:00:00,8.6,5.6,11.3,95.1,,1005.6,,03876,Brighton
2024-04-01 00:00:00,10.0,7.0,13.2,45.2,,1014.0,,03876,Brighton
2024-05-01 00:00:00,13.5,9.9,16.7,54.6,,1012.9,,03876,Brighton
2024-06-01 00:00:00,14.9,10.0,19.2,16.8,,1015.1,,03876,Brighton
2024-07-01 00:00:00,17.1,13.1,20.5,46.7,,1014.4,,03876,Brighton
2024-08-01 00:00:00,17.9,13.6,21.6,39.3,,1014.7,,03876,Brighton
2024-09-01 00:00:00,15.0,11.3,18.8,131.3,,1014.1,,03876,Brighton
2024-10-01 00:00:00,13.0,9.5,15.8,82.8,,1014.2,,03876,Brighton
2024-11-01 00:00:00,8.6,5.3,11.4,53.9,,1020.3,,03876,Brighton
2024-12-01 00:00:00,7.7,5.4,9.7,39.3,,1022.3,,03876,Brighton
2025-01-01 00:00:00,4.5,1.1,7.4,84.6,,1013.9,,03876,Brighton
2025-02-01 00:00:00,5.5,2.8,7.9,31.9,,1021.7,,03876,Brighton
2025-03-01 00:00:00,7.3,3.0,11.5,6.4,,1017.0,,03876,Brighton
2025-04-01 00:00:00,10.8,6.0,15.4,22.0,,1017.1,,03876,Brighton
2025-05-01 00:00:00,13.4,8.6,17.9,29.3,,1018.3,,03876,Brighton
2025-06-01 00:00:00,17.1,12.8,20.6,16.0,,1017.4,,03876,Brighton
2025-07-01 00:00:00,18.5,14.6,22.4,65.2,,1015.8,,03876,Brighton
2025-08-01 00:00:00,17.8,13.4,21.7,29.2,,1016.7,,03876,Brighton
2025-09-01 00:00:00,14.9,11.6,18.4,77.2,,1015.1,,03876,Brighton
2025-10-01 00:00:00,12.5,9.4,15.3,104.4,,1014.6,,03876,Brighton
2025-11-01 00:00:00,9.6,6.7,11.9,92.7,,1010.3,,03876,Brighton
2025-12-01 00:00:00,7.9,5.3,9.9,92.6,,1015.1,,03876,Brighton
2021-01-01 00:00:00,4.2,2.1,6.1,,,1010.9,,03801,Canterbury
2021-02-01 00:00:00,5.6,3.3,7.8,63.6,,1015.7,,03801,Canterbury
2021-03-01 00:00:00,7.0,3.8,10.2,29.7,,1021.9,,03801,Canterbury
2021-04-01 00:00:00,6.3,3.4,9.6,12.4,,1022.7,,03801,Canterbury
2021-05-01 00:00:00,10.5,7.1,14.2,79.0,,1010.7,,03801,Canterbury
2021-06-01 00:00:00,16.3,12.7,20.0,83.5,,1018.1,,03801,Canterbury
2021-07-01 00:00:00,17.2,13.9,21.2,74.4,,1014.8,,03801,Canterbury
2021-08-01 00:00:00,16.7,13.8,20.0,63.0,,1016.8,,03801,Canterbury
2021-09-01 00:00:00,16.6,13.2,20.4,44.0,,1018.2,,03801,Canterbury
2021-10-01 00:00:00,12.5,9.1,15.4,98.8,,1015.5,,03801,Canterbury
2021-11-01 00:00:00,8.3,6.1,10.4,18.6,,1016.8,,03801,Canterbury
2021-12-01 00:00:00,7.3,4.9,9.2,92.6,,1012.8,,03801,Canterbury
2022-01-01 00:00:00,5.3,2.8,8.0,17.3,,1025.5,,03801,Canterbury
2022-02-01 00:00:00,7.4,4.0,10.3,39.3,,1015.9,,03801,Canterbury
2022-03-01 00:00:00,7.9,5.4,10.9,22.4,,1022.6,,03801,Canterbury
2022-04-01 00:00:00,9.5,6.6,12.7,14.5,,1015.7,,03801,Canterbury
2022-05-01 00:00:00,13.3,9.5,17.1,43.5,,1018.5,,03801,Canterbury
2022-06-01 00:00:00,15.9,11.7,19.8,38.2,,1016.2,,03801,Canterbury
2022-07-01 00:00:00,19.4,14.8,23.9,9.0,,1021.0,,03801,Canterbury
2022-08-01 00:00:00,19.8,16.1,23.9,9.6,,1017.8,,03801,Canterbury
2022-09-01 00:00:00,15.6,12.7,18.8,60.1,,1013.1,,03801,Canterbury
2022-10-01 00:00:00,14.3,11.1,17.3,36.0,,1015.4,,03801,Canterbury
2022-11-01 00:00:00,10.1,7.2,12.6,77.9,,1008.5,,03801,Canterbury
2022-12-01 00:00:00,5.6,3.2,7.7,46.7,,1012.2,,03801,Canterbury
2023-01-01 00:00:00,6.2,3.6,8.5,59.0,,1014.9,,03801,Canterbury
2023-02-01 00:00:00,6.5,3.9,9.4,5.8,,1028.1,,03801,Canterbury
2023-03-01 00:00:00,7.4,5.0,10.0,71.8,,1008.5,,03801,Canterbury
2023-04-01 00:00:00,8.5,5.6,11.5,58.7,,1016.4,,03801,Canterbury
2023-05-01 00:00:00,11.9,8.8,15.0,15.4,,1022.3,,03801,Canterbury
2023-06-01 00:00:00,16.8,12.9,21.0,23.1,,1017.8,,03801,Canterbury
2023-07-01 00:00:00,17.3,13.7,21.2,86.8,,1011.4,,03801,Canterbury
2023-08-01 00:00:00,17.3,13.8,21.0,49.8,,1013.5,,03801,Canterbury
2023-09-01 00:00:00,18.1,14.4,22.2,22.5,,1014.7,,03801,Canterbury
2023-10-01 00:00:00,13.9,10.8,17.6,105.6,,1007.6,,03801,Canterbury
2023-11-01 00:00:00,8.3,5.5,10.9,112.2,,1004.6,,03801,Canterbury
2023-12-01 00:00:00,8.1,5.8,10.0,62.1,,1011.4,,03801,Canterbury
2024-01-01 00:00:00,5.3,2.9,7.7,42.0,,1017.3,,03801,Canterbury
2024-02-01 00:00:00,8.6,6.2,11.2,88.3,,1009.9,,03801,Canterbury
2024-03-01 00:00:00,8.7,6.2,11.3,55.2,,1005.9,,03801,Canterbury
2024-04-01 00:00:00,10.0,7.1,13.2,58.7,,1013.4,,03801,Canterbury
2024-05-01 00:00:00,13.3,10.2,16.6,54.6,,1012.7,,03801,Canterbury
2024-06-01 00:00:00,15.0,10.9,18.9,12.4,,1014.6,,03801,Canterbury
2024-07-01 00:00:00,17.4,13.8,20.9,42.6,,1014.1,,03801,Canterbury
2024-08-01 00:00:00,18.9,14.9,23.2,,,1014.2,,03801,Canterbury
2024-09-01 00:00:00,15.6,12.6,18.6,,,1013.9,,03801,Canterbury
2024-10-01 00:00:00,12.7,10.1,15.4,65.2,,1014.4,,03801,Canterbury
2024-11-01 00:00:00,8.5,6.3,10.7,39.1,,1020.1,,03801,Canterbury
2024-12-01 00:00:00,7.3,5.2,9.4,33.1,,1021.4,,03801,Canterbury
2025-01-01 00:00:00,4.2,1.5,6.6,74.4,,1013.7,,03801,Canterbury
2025-02-01 00:00:00,5.4,3.2,7.4,47.6,,1022.1,,03801,Canterbury
2025-03-01 00:00:00,7.7,4.5,11.3,,,1017.2,,03801,Canterbury
2025-04-01 00:00:00,10.4,7.1,14.1,17.0,,1017.8,,03801,Canterbury
2025-05-01 00:00:00,13.4,9.7,17.4,12.8,,1018.1,,03801,Canterbury
2025-06-01 00:00:00,17.9,13.6,22.3,60.7,,1016.8,,03801,Canterbury
2025-07-01 00:00:00,18.7,15.3,22.5,76.1,,1015.3,,03801,Canterbury
2025-08-01 00:00:00,18.3,14.9,21.9,20.1,,1016.5,,03801,Canterbury
2025-09-01 00:00:00,15.4,12.4,18.4,55.1,,1015.2,,03801,Canterbury
2025-10-01 00:00:00,12.6,10.0,15.2,69.0,,1014.3,,03801,Canterbury
2025-11-01 00:00:00,9.7,7.1,11.8,68.7,,1010.3,,03801,Canterbury
2025-12-01 00:00:00,8.0,6.0,9.8,49.7,,1015.8,,03801,Canterbury
